timestamp,temperature_C,humidity_%,pressure_hPa,wind_speed_mps,solar_irradiance_Wm2,solar_power_MW,wind_power_MW,PC1,PC2
2023-01-01 00:00:00,28.973713224089863,78.52355095063282,1033.99033154879,8.335083228499913,297.44651750768554,48.55919495829296,7.1063093054713065,1.0553465508560145,1.2067615803886587
2023-01-01 01:00:00,23.89388559063052,98.1883328094026,1026.8695052436915,4.3464428510144,456.6443987853447,54.52276990799292,19.675379870645976,1.8302633379009812,0.32125299247894906
2023-01-01 02:00:00,30.18150830480554,32.02864852361718,1013.8944555488026,3.5454033497330784,262.27402370001164,35.030374252250155,25.03673359894027,-1.3271343187504,0.5360658774638172
2023-01-01 03:00:00,37.184238851264205,71.25938473381142,1003.2959483344164,5.989876627767144,407.611541108288,30.816448982383747,52.65225188808228,-0.922464217514048,0.380612035443346
2023-01-01 04:00:00,23.126773002213312,46.98714861756346,1023.473349704204,5.489446132425215,485.7998266600848,23.722742101633028,36.678637494405095,0.04879131508150884,0.35303441489291665
2023-01-01 05:00:00,23.126904344406555,50.25749232470608,1018.9022807813262,4.640315852018174,563.9881122118816,27.61884205031567,13.974221170801304,-0.009202047020682636,0.10534156860613338
2023-01-01 06:00:00,37.63370252405913,48.15212151522262,1026.427898300416,8.089162342370146,500.3616426086673,78.83302812119051,35.83243547301164,-0.8819663192600206,1.7058131592363885
2023-01-01 07:00:00,31.13947783322327,42.72018460640368,1022.5275770252296,8.865915625711532,254.8734106795428,58.6701937110518,11.432352132739611,-0.7241205526885117,0.9957786959905677
2023-01-01 08:00:00,21.244204912520384,60.97043255889654,1028.74329072979,6.265220658875542,697.7737005297215,19.73388450687968,42.99229264664488,0.8498681699145617,0.38899687222244334
2023-01-01 09:00:00,29.34048034868772,43.38099767177924,1004.9714718265916,10.432590243165786,781.2710412879676,20.163130648846447,24.34650417818545,-1.2114971456323433,-0.04352195596350024
2023-01-01 10:00:00,27.56289044706442,65.40913651559677,1032.7609109845148,2.5749326575994846,17.73204068930778,47.22799092577737,28.87636573512995,0.6761136011387743,1.0954927652577346
2023-01-01 11:00:00,25.785300545441117,58.99523781101726,1015.963994070386,5.419021622160845,271.1825664301357,48.2089719606695,45.90955977050628,-0.021879504086189813,0.133192077350156
2023-01-01 12:00:00,24.007710643817816,55.22103906267181,1044.128913089379,3.849533038191585,269.25729506381055,48.23325752976047,14.554037176989,1.0157059348553403,1.4257615584996717
2023-01-01 13:00:00,22.230120742194515,41.848726759168045,1002.6621827286564,0.4003901487808203,218.0290696673406,36.175663096694535,13.234581778644106,-0.8190296402868387,-0.7450033803721345
2023-01-01 14:00:00,20.452530840571214,48.46457338863335,1039.039457047479,5.751957942471902,748.8424525795245,38.118186099956496,22.99680808384794,0.8672475406329173,0.9077330634647457
2023-01-01 15:00:00,18.674940938947913,75.10782451651512,1015.9686617519396,5.634757474850149,441.8521583681589,44.91819286239036,42.4605462122318,1.0460559545011126,-0.543586030305735
2023-01-01 16:00:00,16.89735103732461,70.01834375248761,1003.2287299457832,10.540349229726392,420.6455476068168,41.28839509439996,11.76784709427789,0.5410308158131247,-1.3080926479989212
2023-01-01 17:00:00,27.51397866076219,40.44889510402898,1005.7417124891851,7.892435053664332,555.6354783347923,6.710494408786971,18.17697039668495,-1.145710405305543,-0.14167902527744064
2023-01-01 18:00:00,17.735807395830314,61.98664610858452,1008.1947903770852,2.9274395270123854,690.6254090627679,36.553005541372094,24.58609369909201,0.39178495468536234,-0.9456975471748696
2023-01-01 19:00:00,13.701570389317668,75.02774246743579,1019.3624891960288,11.562277699002564,128.22248154395822,27.228903486095295,36.62088959893104,1.5372779296430337,-0.7866707832295309
2023-01-01 20:00:00,36.72519015137243,26.61189437757257,1020.8425323205324,9.66310108657606,517.9797890798985,42.62817128362768,44.40314099686595,-1.7401785932556593,1.4606023927841192
2023-01-01 21:00:00,23.193789596107717,70.8672038475987,1004.3944999409212,7.746293110405848,583.2130813874575,78.83302812119051,24.44206365497521,0.14427308149595106,-0.7286199458440882
2023-01-01 22:00:00,25.54022563750339,46.74752482108307,1012.6346811160852,5.320547703450504,908.1975787515952,45.51222498211457,25.06288071460797,-0.5356549706111828,0.008662760618350078
2023-01-01 23:00:00,13.602014510292346,71.41197337186318,1045.134055379178,3.1216822898295606,107.35388026426637,35.297054707414034,43.84680881106897,2.3677913882240644,0.5242472146942847
2023-01-02 00:00:00,20.64493820379854,44.73481686914966,1038.9131475515107,4.883379671786841,331.2543718451874,53.827022529658784,7.563099603654955,0.7234619066265354,0.936863218623067
2023-01-02 01:00:00,25.88738071767893,23.902357986709617,1019.5448550451104,9.266245859112558,555.1548634261085,47.24031830813819,25.33775069780389,-1.0730770355543997,0.5054618476543729
2023-01-02 02:00:00,15.792051380621578,27.449151242336747,1013.570052172523,11.653758917803827,1040.153354453256,46.30141735677762,32.285086679100694,-0.4230562579649763,-0.6563937480954306
2023-01-02 03:00:00,28.005584146765376,60.96169893322764,1014.800469900774,10.629730584816569,871.6839058818312,49.10275889823507,35.39062465542041,-0.16366276359904428,0.2493816277737624
2023-01-02 04:00:00,20.19489048064956,65.19445003442964,1022.2027695909562,4.533451734641178,562.8978245823878,70.84815347244312,23.88231968170941,0.8296320407224719,-0.050560554498264854
2023-01-02 05:00:00,22.666450001653786,41.91366749791183,997.658111522024,2.6411477001329664,352.5091443103857,23.036673470111264,30.413292140470094,-1.032606736846911,-0.9614459398437561
2023-01-02 06:00:00,20.186347102164824,72.77184917554747,1009.1393519386498,6.422658740733612,742.1367789911931,47.104481152171815,0.140071759044126,0.6053465961090464,-0.7499452577871222
2023-01-02 07:00:00,39.818225476071504,26.7695987546208,987.9712388918362,0.6946819033114453,207.93614008865936,26.104283050276923,22.10101905199382,-3.1690041619806526,0.05912933145847027
2023-01-02 08:00:00,24.892022202096527,58.67840402705367,1018.9883468390792,6.969503142554345,642.9073308068657,48.33268969513372,35.44210455065361,0.1446921259903942,0.21295158389865998
2023-01-02 09:00:00,16.538312568352797,35.77967600475087,1022.7079390955412,5.557192241103994,651.641047749988,26.219702327708585,18.21247158894385,0.1351426010752092,-0.17654973670585883
2023-01-02 10:00:00,31.580359296825517,46.96327784395682,1005.7522030655094,4.601890494395273,818.062972249664,33.73949779592373,30.707810659075168,-1.2294147543251086,0.16397346672750157
2023-01-02 11:00:00,15.233250800231822,60.94797342632828,1036.6098014493505,1.215890798199614,717.893881201647,35.57365128643141,35.362470009632375,1.5839812706781007,0.2847625177861111
2023-01-02 12:00:00,26.67090876003804,42.79173269432096,994.6135150549648,7.54080031970915,617.7247901536301,54.63725079017064,25.889409589706823,-1.4123212827674858,-0.78570365781625
2023-01-02 13:00:00,9.322639008961795,52.308889115403495,991.0343767968528,4.401897481014266,347.3109122877504,53.77681665913621,32.04556525195885,0.06429613194596479,-2.462673651411301
2023-01-02 14:00:00,14.374511608812556,80.1258561842888,1016.3667772783996,2.490249492869136,492.32770634240165,21.314239353304234,18.447209216584653,1.5481909154183584,-0.9083033975749657
2023-01-02 15:00:00,26.574889886952988,48.46216260953703,1028.7064745391824,4.203852388858613,391.9568835078421,40.82401166499773,27.52066464364744,0.033662460079564714,0.8969366964222045
2023-01-02 16:00:00,30.907732639963285,12.704566281645263,1038.258915371868,5.917455284848091,291.58606067328253,29.35630217876241,37.32259403507067,-1.135399378356335,1.9267991333851888
2023-01-02 17:00:00,26.370946249519765,37.5,1006.116736056966,11.316754790009233,377.2152685660688,21.122426339869985,31.88367553162121,-1.1457529948161456,-0.20269331941369886
2023-01-02 18:00:00,24.07481374089408,70.0,1029.1802125014694,10.98377764364361,342.77348061962226,36.74474424363444,22.961624765232774,0.9578162278562474,0.5999893593621936
2023-01-02 19:00:00,22.59117043528569,70.3853606359027,1012.4223729574894,4.628711230241184,545.7064616101165,35.3727581731627,32.69059685148952,0.4670296586615506,-0.37129777154223936
2023-01-02 20:00:00,13.17182407706058,70.7707212718054,1010.4105905008876,4.1933638189146585,253.27402028533984,76.40074729518284,38.57531748763942,1.1061719385985722,-1.2603257304052606
2023-01-02 21:00:00,19.24124633284233,71.1560819077081,1026.2548990623002,7.406322768225071,836.3092001973414,46.49439738041044,5.400704657070264,1.2485260855150588,0.04326907485972653
2023-01-02 22:00:00,21.3148898323217,71.5414425436108,1022.7848431762012,3.004843682435125,500.0621194754592,19.33573748868644,43.90888877947077,0.9802077895550548,0.039097574722196105
2023-01-02 23:00:00,33.45697780975132,55.93909227914015,989.3541176452362,6.905375699458398,497.20990365841567,31.52838993743587,25.96494313582713,-1.669138631371262,-0.5537545692941883
2023-01-03 00:00:00,27.74894631654769,67.42291746742617,1035.1481052458885,8.298240835154072,401.6315850461247,55.32074943144097,35.10587919888276,0.8171595960388144,1.2209535478739497
2023-01-03 01:00:00,10.895678757098128,47.92029626568359,1033.7013703122118,9.680799671652924,546.5572051576937,71.32664159304888,44.36696308374273,1.363624830824768,-0.1557475498234088
2023-01-03 02:00:00,27.59267175515836,61.731795749458,1003.6165594773572,5.699537770560141,747.5294794002904,16.210250316430624,13.539915633234408,-0.5169298420986997,-0.35337703918399066
2023-01-03 03:00:00,21.919341756669468,56.88645529215841,1018.9370530015613,5.388978749469103,239.8609352867299,11.801134222914325,21.48670797086944,0.3037218270544169,-0.0281892544388917
2023-01-03 04:00:00,19.58462399755233,83.35564123319614,1020.4104527942412,3.3660522397303168,302.565053277423,68.06447763057673,26.537415649491543,1.4172973481831774,-0.2866333863455605
2023-01-03 05:00:00,29.893410310726946,65.08841686602426,1016.9101064873586,3.51935893788042,408.8821913670006,45.84421266056356,20.59495774650686,-0.08850810267931936,0.49173059775503764
2023-01-03 06:00:00,33.24799617996761,66.75205324150404,1004.7454226923188,5.32056332429542,96.23872295803552,26.975609021854503,50.819238910041705,-0.7277536675174302,0.14900701370221017
2023-01-03 07:00:00,32.45024095292959,51.76246067755065,1002.9256494809292,7.102096520448535,254.22264208355065,48.01943629183653,19.71873487407849,-1.2369462970946292,0.06885906852737066
2023-01-03 08:00:00,18.28625981421889,50.24787551855013,1012.6166889351284,8.74075387869975,357.1337379366023,2.129358361801632,23.333438646157603,0.11990351993070938,-0.6154372373540818
2023-01-03 09:00:00,22.526300993190283,51.34883624360758,1030.5909352888905,3.5904631479589657,762.3167542138183,40.05063259895741,32.45266837923572,0.5001855064419284,0.6393368415959975
2023-01-03 10:00:00,27.65010745122851,67.88904284756593,1021.1540023189164,10.478065706878564,578.7683987005774,44.91731759264628,15.574205687086934,0.3274244806256737,0.5041782555337134
2023-01-03 11:00:00,32.80436101697887,51.58031038359474,1007.4407850187084,5.1866291968722935,558.0769734102633,53.86405209306744,25.251831458924837,-1.1039432343636104,0.32716091327867647
2023-01-03 12:00:00,21.16660609723768,65.79549713792827,1024.5754806597251,5.935898116954691,755.2693886503916,24.791560715611936,33.8094391350021,0.8644717368840437,0.14705823275889846
2023-01-03 13:00:00,23.514728186689464,71.60899560328106,973.4896848739181,3.75836496255653,458.788463480181,41.28530742105038,26.005675147409864,-0.9869632254794299,-2.2650913476666323
2023-01-03 14:00:00,16.149320207951774,77.42249406863385,1030.2314855055815,6.205250575819839,617.1394549786669,26.11863060910619,28.87935769320062,1.8337498125650842,-0.04662106225179481
2023-01-03 15:00:00,15.430347007354634,53.47952935664318,986.9042933183284,8.65213618908315,469.0334741202511,43.83075633511476,23.64801465061955,-0.5016824401933584,-2.1678316013554646
2023-01-03 16:00:00,31.500206579153584,84.02427844327889,1007.563385878953,8.2105316912773,579.6087048198885,26.56980516455464,11.826356289830798,0.08358133044540374,0.05533132337885774
2023-01-03 17:00:00,35.84992022856658,51.838492539568975,996.2049515806078,5.15601732864536,325.17240271652537,33.87848741259669,33.859118536070866,-1.7332463402252565,0.012865831219938277
2023-01-03 18:00:00,24.42391902735733,19.237509296442923,993.5797778641864,6.200972151674616,392.4443270303171,25.06276907814657,51.0591968597669,-2.071742315411222,-0.9023656444176162
2023-01-03 19:00:00,33.02826318313619,39.83827378165192,1030.4124018106777,7.547817653112299,459.7162513441088,49.76704362735485,30.220819569401257,-0.6720858290883781,1.56617014928986
2023-01-03 20:00:00,27.893088200381072,22.58416157948289,1005.9844819803216,1.3123624293403715,926.824440829982,52.87676674984998,32.703169406970595,-1.7630429333725506,-0.004615275856637874
2023-01-03 21:00:00,19.839041963159005,52.96973031917383,1018.1975582259608,4.412841967961116,777.8646206724777,36.4806914506388,38.31267306140232,0.30009579115726287,-0.21855142147585904
2023-01-03 22:00:00,27.891164844067312,60.36836758379104,1014.1195172679812,8.38279403886548,789.6192453773513,40.57356992440042,14.76803404143961,-0.1999704171562905,0.20857635700259594
2023-01-03 23:00:00,37.30429253172776,93.52874624550566,1010.0414763100016,2.237131730492252,870.8392165418654,18.27112878049684,50.43017589755527,0.06125035683942632,0.6148052447594264
2023-01-04 00:00:00,24.71339168712039,66.53854747528325,1005.963435352022,6.880673796499888,526.5972772884312,35.50485027989819,32.42794555707363,-0.056078174471844655,-0.5001493732718871
2023-01-04 01:00:00,37.51714924651205,55.61798942382271,1001.8853943940425,1.9302545861297844,559.1947122216786,39.24693074437383,49.58228278906931,-1.5225040456578613,0.4188022659926024
2023-01-04 02:00:00,4.042039167282045,76.58811162366979,997.8073534360628,7.399289947300579,314.70443136969493,78.83302812119051,21.203604053712127,1.517618757151197,-2.6879582889634976
2023-01-04 03:00:00,31.57522003500179,15.7772938198423,993.7293124780832,5.89307555310755,405.17814319188506,23.320494613387545,51.816743070693896,-2.7135091043724398,-0.2803993294176121
2023-01-04 04:00:00,25.69637654590537,64.71229116217131,989.6512715201036,1.1546045522834714,684.7313449313425,61.96265858128656,39.3018659284174,-0.7878684169296789,-1.2317112682141984
2023-01-04 05:00:00,22.60794119627306,75.41730387773933,1006.5782725855112,9.494218063371514,861.1653311506449,54.95288160198712,36.6364810302283,0.42013422125166605,-0.6910265604900782
2023-01-04 06:00:00,25.73408621228402,30.428275084403168,1035.511396859515,3.796225269605853,458.1661172957001,44.20954606735204,32.80829345223778,-0.25827269683155163,1.2642573375270483
2023-01-04 07:00:00,9.099448683192858,82.87508086413858,1025.7533261317024,3.569242688956857,364.94322054457655,66.379307262927,27.017656583106607,2.37609546270954,-0.8889325360500792
2023-01-04 08:00:00,23.242624897299905,66.76992814988829,1007.7702179838822,6.601707591692828,500.1583876569792,45.58158208910295,44.40637990168647,0.12715212841343973,-0.5328434367304059
2023-01-04 09:00:00,27.85690057209397,51.69424172198397,1007.7611344352237,9.445912048286148,680.3620246787344,45.83738793501893,31.684318438176565,-0.7207507714585176,-0.06985388476080373
2023-01-04 10:00:00,36.82315235793213,72.6556373221257,1008.1754742317391,2.952534543064809,66.84355515993747,39.20319020473682,6.395163556954174,-0.670124997240777,0.5894221853095089
2023-01-04 11:00:00,20.85383825381082,68.1464812116478,1044.1512197534123,6.185039549543915,200.8412501562312,58.35353323627941,16.593762459515972,1.6835883436952341,1.0964445235370157
2023-01-04 12:00:00,18.532051176854495,63.63732510116991,1018.7290317834731,7.2864495009917185,334.83894515252496,56.447038507163256,27.76985097368703,0.7738058365229521,-0.35638107978105343
2023-01-04 13:00:00,20.98594365132371,64.96441172600672,1019.450624707866,8.079316821789433,133.78627222575238,30.61484068755681,33.71998779798666,0.662321661568773,-0.12225713806356012
2023-01-04 14:00:00,32.32321694161659,50.81278200919512,1028.4542518104777,6.529324665831676,347.55794070580674,20.211292081018488,29.32093813320125,-0.3240405193496449,1.351318350222413
2023-01-04 15:00:00,27.63000887727748,43.00311261070416,1016.5818373853976,4.8989164827500336,455.66590435475854,36.955290439065145,44.62764947752396,-0.6716894525924476,0.40163256399127706
2023-01-04 16:00:00,20.76191836986369,76.60671633088491,1009.1143678126896,3.517229338053841,364.025477293096,27.999421534035303,6.586777631536503,0.6900403221005365,-0.7232134403296249
2023-01-04 17:00:00,29.10613946490685,42.878323481822655,1010.0547522637252,6.2584316491391245,935.7402603412236,39.04713138076967,31.72305523806192,-1.0246817116621347,0.19604534158326772
2023-01-04 18:00:00,25.776620394784324,61.43132474438785,1011.9259811087892,2.7835829640431795,598.023429380696,58.56157202026209,8.184249295354142,-0.08761749504332694,-0.0839868946044497
2023-01-04 19:00:00,32.74915992426311,50.44685106469767,1012.4416664523524,5.046631188258091,590.1423078832485,33.14047517369815,39.11654754581002,-0.9545750012945712,0.5808003980924302
2023-01-04 20:00:00,19.38357524898118,69.57959651492784,1023.9144431545546,7.309679412473003,686.6621432130206,39.35764928032638,28.86649542669597,1.0994296341822547,-0.054729730147223446
2023-01-04 21:00:00,22.37870282721785,66.67324210573896,1013.7791882871096,8.711804523258586,158.35006466576925,40.87034102212593,35.03531966428942,0.40825581238251024,-0.3011893377911169
2023-01-04 22:00:00,21.86313477494274,80.75079888515799,1023.9896011582337,5.841306204564387,811.7335362260806,52.72646323307927,19.633404472922805,1.2919056454740987,0.09756134633285286
2023-01-04 23:00:00,13.291880414943051,49.79967202290506,1011.7892512983713,2.970807885870188,477.270714039362,6.296659990230921,45.35357917989302,0.4457139695273661,-1.0713460744551633
2023-01-05 00:00:00,27.368962216516607,54.60250129413257,1014.1795278547412,7.857462783015594,701.1441851723638,30.89949557852055,42.50069596870622,-0.3519904987040969,0.19813635003000798
2023-01-05 01:00:00,27.088442177439116,40.42472568435385,983.0269897320184,12.172486409135097,178.44283008795338,43.16925538419209,37.00253163614265,-1.9470686630723097,-1.32315751918399
2023-01-05 02:00:00,25.040907653139687,51.11413479847776,1026.7449151205371,6.062381123026224,33.87237019518068,58.00118434640292,28.445793037638712,0.16456810238246491,0.6562034266586778
2023-01-05 03:00:00,23.123302932998826,67.54600986089704,1018.19732713847,3.815991176312597,745.3668974075085,32.621463287406925,36.958287423541584,0.5440043902230957,-0.020721738917329757
2023-01-05 04:00:00,13.677034063596686,75.13977233290704,1027.970151647895,4.180565429408567,612.922857829255,11.851709409371889,21.517289184151814,1.858199610404215,-0.35498419777259377
2023-01-05 05:00:00,21.63483741787713,41.556693516447496,973.4896848739181,4.545139682504537,229.38453369274688,49.295671689492046,40.26666790824854,-1.8533266784617008,-2.2650804091289087
2023-01-05 06:00:00,22.258283867785845,77.3921184021132,1044.325620571711,4.909713935600507,239.10107561759168,30.46956416761556,49.79377073188705,1.8951292366689259,1.1741315147651608
2023-01-05 07:00:00,18.58178184622705,87.11275717609902,1010.9061555776724,5.274288188696477,837.6304353244309,22.15500011364458,42.84732671975024,1.26939740015422,-0.8694229263536768
2023-01-05 08:00:00,23.709714306671927,68.26869806447402,1029.6227422510628,5.6388624417924476,143.17643213980165,30.63481915430164,21.244770362311087,0.943200344520789,0.6009034026479221
2023-01-05 09:00:00,28.232406854516302,97.53591625116132,997.4014110931172,6.003436694888418,992.801885976789,37.232119635162256,34.33700780727723,0.40644500342881656,-0.8004133495411327
2023-01-05 10:00:00,40.08948720968424,44.52421601792854,1022.1916085759384,6.368010947984387,229.81377960563933,30.928830031926807,14.482301474896229,-1.341104338182324,1.7157846765715286
2023-01-05 11:00:00,26.39662250265471,35.10690593377166,997.1987665523952,10.87403537540868,691.5175776825149,6.916509143513963,36.86868373410811,-1.5544905788264176,-0.6380418521830004
2023-01-05 12:00:00,27.06040312578212,24.425595021914425,1003.6434655895628,6.969237819348088,401.4144572753046,53.45599295330698,35.40724095435046,-1.725286146300678,-0.2017829144073556
2023-01-05 13:00:00,24.404432673870662,89.92088622978366,1041.7104703080015,5.2429394936211375,680.9562293247029,59.12312561918083,7.562203925614032,2.0592663787277883,1.1557910868372339
2023-01-05 14:00:00,9.649830277607668,73.08731312708116,1010.1397639885498,5.124566193253368,336.7657993657422,49.772829870092586,16.058593873051635,1.4355190182312494,-1.5797865045789483
2023-01-05 15:00:00,24.787888996406267,58.8883065817909,1016.2614930976958,1.3104275739100286,451.1621281783117,22.93471494362775,26.602333239074795,0.05955679012818814,0.06558356146170928
2023-01-05 16:00:00,25.481841679528213,65.59937252639641,1026.0510159603314,8.649329331441477,512.2757526187163,36.97762699078723,26.389683034310085,0.5913014152523705,0.5823936386897818
2023-01-05 17:00:00,44.70593689988229,37.49021905403247,1020.4352283195892,5.766488408961594,199.3437632655582,39.90218027155813,15.486276774974336,-1.9839717518069966,2.048839117258814
2023-01-05 18:00:00,23.46111228175102,50.03732134676851,1015.2562835771536,5.458560259228123,722.2473036260378,48.98191584342865,34.667744752226206,-0.17498119613853544,-0.04960540070701292
2023-01-05 19:00:00,27.4123787386689,62.58442363950455,1018.4744150369934,13.721467347667918,346.0359300585244,50.02510733077121,33.01768330728615,0.06933928805729418,0.3768231185310733
2023-01-05 20:00:00,24.72230584235805,62.187895892097856,1049.0512337785742,6.896258725097058,431.4200253979944,28.987393018322564,27.668770416257768,1.3761662019884282,1.6973740030309956
2023-01-05 21:00:00,15.650575699043744,74.51533247797384,1012.1357180444962,3.744626849714447,201.69518761744632,41.22993334620341,20.930501998099643,1.1105368577863546,-0.9861053882140475
2023-01-05 22:00:00,34.142582516120164,69.62018463473427,1016.0164857007244,4.72092721138337,322.1934294186978,46.85920606922862,42.58448551699876,-0.2852900662126001,0.7773510443862307
2023-01-05 23:00:00,31.015464261494195,64.47768048558262,1028.759815940114,9.445337127590264,442.6916712199493,61.8373348322015,49.86488535705954,0.24179010621060926,1.1863896903602957
2023-01-06 00:00:00,31.32825557634437,44.190510891093766,1029.5828889943698,6.339811231613293,589.0364787946783,50.56759809737085,24.197262193841556,-0.43045007579594724,1.3598410514145278
2023-01-06 01:00:00,17.72490036164209,69.42936714271991,1030.8054545834057,1.6851660650479,735.3812863694071,51.83585031063279,22.65399699414215,1.470112576104972,0.15543194773106667
2023-01-06 02:00:00,36.22235448748879,97.64048992950067,1022.5809533304378,8.75768680372561,494.2218860796816,41.257399418940416,35.894491984943954,0.7386895479141424,1.1358332565101907
2023-01-06 03:00:00,13.785191497661751,86.90840092309955,995.8549263090428,3.995567743383018,421.1327512375197,61.15688717805256,25.703647443036164,1.0675745432011416,-2.027800121635581
2023-01-06 04:00:00,29.694856750402163,91.86373253278794,1037.5014729845163,11.619893328652635,506.7397678436139,46.14644193939246,28.32723359204119,1.576979545859403,1.374466947088065
2023-01-06 05:00:00,42.52364500647983,49.7756864713763,995.8048191047196,9.240144197143945,664.135734552563,27.083681347396443,38.875837820696056,-2.3128813626194495,0.5599807877248817
2023-01-06 06:00:00,17.075709398954494,40.20790359482838,1017.5395319785856,4.658034313023746,145.75615540734657,61.05054955187786,7.087726949912486,0.0541038316531896,-0.4156188476101533
2023-01-06 07:00:00,20.469618163177824,57.48426159800704,1001.6858622497095,9.843049085205338,834.2965084006617,50.46854908808541,45.81962789823203,-0.20054755837676752,-1.0226490726812065
2023-01-06 08:00:00,25.79721092070113,61.114498245773895,1012.0379248011052,6.20356653158221,714.6143946323732,33.354339683072766,30.87216629195209,-0.09565277995654345,-0.07496857431051251
2023-01-06 09:00:00,20.972194767070405,81.88383036941897,1017.9314361545522,8.55832102536666,715.4557177123803,32.80760548901135,25.062082265253835,1.1740957873163749,-0.2883249962104931
2023-01-06 10:00:00,12.594692551470938,26.150707405703614,1017.820358231754,7.454198451883425,598.7595054752,44.44863317711143,28.929190149342613,-0.07321762378384733,-0.7017997947038214
2023-01-06 11:00:00,25.54850379844822,90.59100638921228,1019.3288113135292,3.4609300350273795,482.0632932380196,46.94777192901377,29.549152260246224,1.1767163986568625,0.1183904634524814
2023-01-06 12:00:00,16.50157029019116,56.839842028420215,1037.2056690358795,4.069350503047614,365.36708100083916,42.9593839844681,9.225584358660896,1.3740360750177607,0.44202925233472157
2023-01-06 13:00:00,28.78873944508145,51.4623786010516,1019.8030145227096,9.089882452743485,248.6708687636588,44.66963010164327,47.93925872943883,-0.35659402020105363,0.6166623777380807
2023-01-06 14:00:00,17.644606126129574,39.75791249479665,1009.3376504706404,4.995674003680378,131.9746565264785,65.49936061864571,30.495907587247423,-0.3037166725895895,-0.77967187549625
2023-01-06 15:00:00,37.39947524014032,26.90286656268461,1027.461307524325,4.78905461027401,15.278444289298022,56.07314728352328,35.316025565368506,-1.5380597289296667,1.849278995828078
2023-01-06 16:00:00,18.733973661310102,76.46341167923829,1030.8420573338697,3.134632261951941,530.556888578596,42.85953386897536,41.41859724688851,1.6319477822274295,0.20473245160377873
2023-01-06 17:00:00,22.423507870354594,61.46635934376808,994.5858827729452,7.270797196780383,964.7060454485562,54.11965871151225,17.746050509276397,-0.4725444669230286,-1.23872638067086
2023-01-06 18:00:00,31.50813773895736,34.20078200517892,1021.961001047748,12.187574757729434,128.26787730382972,24.512141447086908,35.68166278842274,-1.0574751873687422,1.0423798401347815
2023-01-06 19:00:00,15.153085468528358,34.09842455872768,1023.5175911346636,2.7974012572371816,59.742420274268,45.968905749202136,26.78830690921448,0.2114569842586956,-0.2424445574975595
2023-01-06 20:00:00,26.819679476833038,53.28430601419743,1008.5365474496,6.072658370018274,549.4282523709551,67.13959524599665,40.16124930259792,-0.5620374469477164,-0.12552123505702448
2023-01-06 21:00:00,35.45714203425943,93.38043050578786,1033.6356021996744,10.236661666246288,515.2663105568054,36.7293115691144,4.473270955782056,1.057933634501956,1.6520291391703823
2023-01-06 22:00:00,12.14013412351018,54.8081729727279,1010.749166194512,5.761075826262855,552.0024993111225,27.28549107071373,28.810868397104773,0.660864010125586,-1.2460024761969568
2023-01-06 23:00:00,26.477070868258437,29.93714093763788,1014.8836468020731,7.357115388749202,573.1859593725501,30.21866667110409,22.76615213059246,-1.0856376508003232,0.28796409984534294
2023-01-07 00:00:00,27.07906235398739,55.08513871828112,1010.403922635742,2.812819415559361,433.0393236095584,23.65550443986417,35.187155407609865,-0.4526131185538348,-0.019063078568305712
2023-01-07 01:00:00,31.254582974218483,54.54552860504659,1013.233685713722,7.284921291622946,946.9590315806248,28.22857137808445,35.64053024841843,-0.6772870172640453,0.4747433286555846
2023-01-07 02:00:00,15.104394312975344,12.704566281645263,996.555873696572,5.438567204986354,19.728806457045323,34.442378521149564,21.508489262135686,-1.4888862417232382,-1.4953032189978226
2023-01-07 03:00:00,14.43634709532579,58.91410266964375,991.3992367610856,8.95718998703959,251.4508925659262,18.916494712320368,21.45391362988748,-0.08121104159633234,-2.0522746513961985
2023-01-07 04:00:00,29.175532524935186,55.38130939582644,1036.9175759483746,9.562158154694254,469.0235719552858,40.23427500924405,28.672015577312045,0.3728616218099905,1.4920236300289549
2023-01-07 05:00:00,27.37587738586549,73.92412729626837,1000.2955797752252,13.721467347667918,7.043356653749811,53.53415760679971,19.240293272217503,-0.21432552958360274,-0.6026296413246841
2023-01-07 06:00:00,27.00394280276701,96.9791218989069,998.1291147581554,7.738899519640727,447.2436786703786,26.383657297796194,40.10380434542552,0.5057514953454949,-0.8632362998979708
2023-01-07 07:00:00,27.771585675975807,82.53130059095514,980.6991482959444,6.9773889497465,998.4410497184056,62.78925885462653,25.56951359463065,-0.6735187424488588,-1.6033113545199265
2023-01-07 08:00:00,19.559802227372074,54.62222618890339,1003.4155737846576,6.5831529047320085,506.2659464887885,47.66188132791392,25.53582445758449,-0.16538252112400958,-0.9963143020339448
2023-01-07 09:00:00,26.85802957728803,37.8694818251666,993.1536530988876,4.940501121567936,569.210271715605,55.45870878436086,25.50213532053833,-1.6444907134500557,-0.8180803117293538
2023-01-07 10:00:00,27.34457978638945,49.526925252728184,1037.6302274020454,7.015451530385073,121.9505704482259,30.132481692217944,17.53747414987233,0.3390404776655191,1.405834949708335
2023-01-07 11:00:00,19.285188655789057,61.184368680289765,1028.1472563401396,5.113795769582912,315.0915775881567,52.81787840599924,10.424690214468654,0.9807669892091567,0.19443811174175135
2023-01-07 12:00:00,39.92619608915805,60.27858583825893,1002.677744822334,6.505382928808843,387.4410859028189,23.620991494070303,15.150880341329133,-1.516468075604851,0.6353658948555768
2023-01-07 13:00:00,28.7906633672943,59.517498257799936,1046.7865370801646,9.95279260682388,404.6854709731298,53.35371251254763,31.31290166199564,0.9014841833534575,1.9363085462830034
2023-01-07 14:00:00,15.469572022378811,63.961695215357096,1027.726482304874,2.980372304161077,884.4931385011306,42.577590096902966,45.94368993897878,1.3418634809361187,-0.15947832766590608
2023-01-07 15:00:00,30.25242886907064,57.11279176152115,1008.1275292473708,9.419635683387137,667.3073182175374,48.29876829977175,33.75821368637976,-0.7039415343764692,0.12013573298685107
2023-01-07 16:00:00,17.202546638181428,48.52675986239528,975.5089142768963,9.951345202019596,166.5626129188904,78.83302812119051,22.72195934141112,-1.21665450482159,-2.5691811453827462
2023-01-07 17:00:00,31.296676829939617,49.06282117519216,1047.3641385888611,5.645794419026764,573.9514335296014,78.83302812119051,35.47085034204844,0.386435231339994,2.228978353097485
2023-01-07 18:00:00,34.26876463205923,59.34493459568003,992.156412998546,4.911164228871733,649.4665245490355,78.83302812119051,24.4909162773721,-1.5127808683868826,-0.3624296334196395
2023-01-07 19:00:00,18.43454145318632,49.13150457732471,988.3190187956466,4.176534038716703,842.04471155638,78.83302812119051,21.664795570042266,-0.8186506544162413,-1.8232361297641517
2023-01-07 20:00:00,32.70700903395458,45.74308434645671,1028.3385564801447,9.890983639683329,974.162205970512,78.83302812119051,16.147647981204187,-0.5265159791068655,1.4039346280101042
2023-01-07 21:00:00,28.302247415491987,62.12860455383794,1049.596286095089,5.931395813103354,195.4717424516394,2.129358361801632,8.978054318979371,1.1281268653566747,2.023727654523646
2023-01-07 22:00:00,31.57648127995592,54.900455651582895,1033.7640922776577,3.0020933031152675,256.7427466368986,52.72261319000002,25.320915521286658,0.0628212270332485,1.5356394295659235
2023-01-07 23:00:00,40.17434386123158,90.07985977165376,1021.4586368007854,4.485675236315348,122.7266423256151,21.512150278472365,31.89664187904158,0.15079705487751738,1.4482166515215344
2023-01-08 00:00:00,23.036895071977035,12.704566281645263,1021.9213151249792,8.521860079513658,429.7940422679056,48.28449906519285,28.840515959821325,-1.149063108103962,0.4460781891146816
2023-01-08 01:00:00,18.970110685140085,81.83013703844924,1025.8012333817046,7.640200704604138,639.9075123339003,49.38446400469002,25.008396864631692,1.609387470911829,-0.05791827743028757
2023-01-08 02:00:00,17.883884562995814,84.92170384995258,1024.3839288468014,5.283203702490917,796.2003549767305,29.548422723556374,18.651047271638625,1.7416761075261142,-0.23614359952710332
2023-01-08 03:00:00,18.473517720276494,18.53219535183701,1017.2178713595406,4.8995267645559375,477.2146929072432,48.7303985062709,37.29895430021962,-0.7871852398252842,-0.20220045974873158
2023-01-08 04:00:00,24.383186324687166,53.14624811839303,1014.563016559278,4.824725552868534,404.0457430235468,43.90663395000334,14.19441696064098,-0.16482107505731697,-0.02391001955773857
2023-01-08 05:00:00,27.72921579853315,52.57118268008417,1012.0611030815072,3.2327694465044923,545.5273976746221,31.917372157108925,39.3123349661217,-0.524372888635499,0.13188683998586495
2023-01-08 06:00:00,27.21352639464015,31.84976610564357,1001.690531167,10.846127068408324,249.4571295109931,24.87167973885688,17.973395772879304,-1.5596738537623551,-0.3262842089669195
2023-01-08 07:00:00,31.61746599228819,44.443666248182495,1008.7898738469984,5.033038592365981,1126.861616508432,10.560614624911311,20.97077715176358,-1.205233528523863,0.33348445165180424
2023-01-08 08:00:00,25.104015135023257,37.78848309068343,987.6056477870692,9.65147556247649,17.701691864582415,45.244750709495406,12.398577712611877,-1.7201179911456996,-1.2438664815104874
2023-01-08 09:00:00,36.62827261725853,95.04540886847246,1011.5249055980788,10.563948155767354,555.4221736687173,16.52795842956917,23.98317423737236,0.21660452136091213,0.6253669384753906
2023-01-08 10:00:00,22.882745334096352,78.71356786294922,998.1711333927362,8.99493269444388,1107.081865768892,41.430162991619625,41.70374950173574,0.20206062029231897,-1.1095055664957887
2023-01-08 11:00:00,46.07102796401955,85.43110189988317,996.4461602417634,4.705139061845855,502.0399533679993,36.04827675876626,36.18753706132748,-1.3593573827933687,0.7021563663867305
2023-01-08 12:00:00,30.00533878212005,74.4334412808647,1015.6984122673022,7.211190271009828,442.9882894995517,50.18714163157293,41.74106534433642,0.17162536217703525,0.39117375868412624
2023-01-08 13:00:00,18.142739548669734,37.418964575655416,1033.880034295169,5.927413180827251,392.7663731568719,35.46931750765204,36.26571055120723,0.4800949045573158,0.5124073130472301
2023-01-08 14:00:00,16.432860015511103,49.509594674404525,1026.774749090035,3.2888944178096158,445.8824954712777,35.05828320479363,16.75596205763557,0.7516038434913282,-0.05177266158258905
2023-01-08 15:00:00,28.85977932194548,69.78749122455837,989.4424909456524,6.973077845164809,911.854542402959,50.97806056432444,26.030529308069312,-0.8606856201338275,-1.004916593553151
2023-01-08 16:00:00,23.21229771739319,35.55744382216109,998.1555779514448,2.4628806265205925,935.9423263959284,45.02587043626176,20.637610450590447,-1.2677296561820328,-0.8576652790457541
2023-01-08 17:00:00,30.712003952736737,74.25996860344776,1027.1115678198232,9.563038165384691,960.0301103888976,44.74233935774167,45.96689884846848,0.5314355530524784,1.026883876384033
2023-01-08 18:00:00,28.78590099658836,55.1934920368373,998.2626890969252,4.60614810810482,72.81285426495646,47.03901384712789,15.63853624288426,-1.0206226714967823,-0.48990045039423813
2023-01-08 19:00:00,24.41736869874502,52.50358384900805,1009.6305027500448,6.603478967618518,420.0043012296756,16.966418151893414,40.72437227266933,-0.36958176839999096,-0.2665867693816746
2023-01-08 20:00:00,18.22565025545276,74.21919936406982,1021.2507814853684,6.849863614638426,371.2266739104015,51.35183019980473,40.71544644130523,1.2432083465168617,-0.3098977489061687
2023-01-08 21:00:00,12.881222202513085,68.8852662297208,998.4748331770456,5.223285078887768,676.5659809312159,49.187031910204034,51.955442420593045,0.6273720529365113,-1.8769666645694925
2023-01-08 22:00:00,21.42788038346383,52.7806766836184,1014.5806325921894,7.760081404425824,20.56269443487571,24.749753071352544,64.41887650701973,0.043192738290114926,-0.2675662746955769
2023-01-08 23:00:00,31.85119035458778,83.18659606728497,992.9896175762268,4.575289030132427,638.6517998245829,36.33879289488698,64.41887650701973,-0.5044636321792283,-0.6463781609968481
2023-01-09 00:00:00,26.71274995304163,38.37873344800205,1003.9794853407318,8.613891892371733,1107.2928869860557,39.41039068558553,64.41887650701973,-1.2200346795808692,-0.2866128811214822
2023-01-09 01:00:00,15.034089770304096,72.31871213888527,1017.796729012138,1.9620609592597544,91.04779862215683,37.98254823397401,64.41887650701973,1.2902067890554128,-0.7404185856182003
2023-01-09 02:00:00,26.38544740680945,71.86202515936768,989.1050939970248,6.379138738639235,556.9118502831187,45.00789949852802,64.41887650701973,-0.619731724373196,-1.2391056898899162
2023-01-09 03:00:00,28.082539037830696,53.8090712137202,1019.607121069406,11.816786997174855,301.4053466610173,61.47050172746775,64.41887650701973,-0.23273358044411532,0.535643350585819
2023-01-09 04:00:00,17.929140510390937,66.52266044484236,1012.7054330160996,2.999006026183276,627.7661618579107,56.22650091509243,38.55254434633598,0.6945207220322911,-0.7256452961448836
2023-01-09 05:00:00,26.229800847564224,34.97772847229394,1021.2873493162572,3.966765088425445,505.7443332247256,20.316712098528907,7.402197503296996,-0.6639158296469767,0.5641589459547849
2023-01-09 06:00:00,25.465669747568,78.48054038413802,1016.35871201097,7.541723548976745,307.5539272867071,49.33104985459073,25.53217136474493,0.6686395854133851,0.02479977290144119
2023-01-09 07:00:00,15.856237617355015,56.30195727114022,1033.4621064496075,6.538745345818794,646.3616854613222,59.93399979303115,35.247758244467526,1.2668354324851312,0.20212993805786506
2023-01-09 08:00:00,27.862298882786263,49.54553958961921,1014.8783675397186,7.051890297820678,1041.304432936023,45.80212781033804,32.22210644195897,-0.5323386909047173,0.3009204809771341
2023-01-09 09:00:00,29.486276210945874,80.98018451673778,1006.5589168831212,7.467561390442991,442.7288624818104,56.3647063777895,35.10533837021006,0.09452885602515178,-0.14741836475384984
2023-01-09 10:00:00,33.66440994540221,45.91312618914482,1014.8344625454844,7.90416440568531,715.9273826444546,70.18405668551148,32.66747826961025,-1.0866996098341677,0.8015115516850249
2023-01-09 11:00:00,33.43041641627922,31.830774072728808,1021.1494704355458,9.32909952586867,112.0181126386509,55.35564319160472,45.34638975976072,-1.3093897529398442,1.1741014591640888
2023-01-09 12:00:00,13.978645056343272,28.867416529521925,1013.7329010548856,7.229455970785538,213.06908695459737,43.739628934625934,18.57220343113444,-0.23485820275320327,-0.8068015400810175
2023-01-09 13:00:00,17.497399680679017,72.12019902691279,1013.6088753680582,5.276227036144372,641.7218833641132,55.676327111271306,21.876058338497625,0.9470893618726656,-0.7452664969008133
2023-01-09 14:00:00,29.12028213766928,34.39141295007434,1002.4701246828988,8.017721103608194,945.2348085607896,42.173317496453365,20.72808665675011,-1.587716140183976,-0.1411974677901377
2023-01-09 15:00:00,29.11028760729767,95.09588363968729,1003.0564862367356,11.699645804685646,606.684004635698,40.35854564927433,39.96230174235132,0.4667034981137204,-0.42913624020039093
2023-01-09 16:00:00,29.120381490448384,18.36141184232556,991.9609209230046,5.60209876085228,406.0825908430537,34.72878646429401,40.80478306074076,-2.5093700024839536,-0.5878250372473932
2023-01-09 17:00:00,46.07102796401955,93.92912736580077,1039.243651147804,3.076412085988076,499.7874216270062,63.45120038248162,35.414703831822095,0.4930471544645758,2.817257571992616
2023-01-09 18:00:00,29.567124085545338,64.22034934405237,994.3420514691308,9.32124200786092,124.87767980908473,27.723570010869977,44.201924002679135,-0.920119354870189,-0.6696681212153943
2023-01-09 19:00:00,34.08452512144479,58.06573776259215,1002.6064220330612,5.638856508139205,681.35459790661,62.98551587017174,15.863509591483432,-1.1590699529433983,0.15615610357920573
2023-01-09 20:00:00,32.63201410794562,49.10161826382101,1002.223891016462,7.0905607697952355,764.6999186970227,47.49796185610557,50.00668933861364,-1.3652398141469362,0.062490492883466635
2023-01-09 21:00:00,30.211130010446382,67.98272228704141,1026.4238656541663,8.542265031451265,364.3729001500759,19.01040737797088,48.2788634605471,0.3333181517054406,0.9831629978223603
2023-01-09 22:00:00,22.47784604287724,59.24730595150303,1008.5757548256196,4.394015442138231,358.98735567214953,45.51473939487133,38.82746396694896,-0.03834006736201372,-0.516730704589585
2023-01-09 23:00:00,31.07175376394614,82.06603764033042,1031.716131090106,5.7284001530875175,579.7634688956146,8.49960238522564,51.38158690525272,0.9347170372422419,1.2484934296587897
2023-01-10 00:00:00,18.817398283699426,62.28455297324079,1002.897640636342,6.995940991707044,368.98407918782135,49.382620252465536,10.120521507866712,0.12732076756896937,-1.1243329528692585
2023-01-10 01:00:00,23.10545114607993,63.006035229237554,1017.184912433357,6.5714990393372,480.1602156122533,53.27847224483487,23.70662236484818,0.3562562890601809,-0.04960914930992192
2023-01-10 02:00:00,21.117091617367173,52.72775575572288,1000.4697942011036,8.128355451417118,1129.9165367499545,31.1146606652192,21.17635847181657,-0.45244526550801206,-1.0051990316436346
2023-01-10 03:00:00,25.65499311509058,58.861087525578654,1045.1772369166008,4.69354088829047,425.892289776201,41.85321543933374,38.65775188508812,1.053561087479955,1.5970390518225077
2023-01-10 04:00:00,43.51726853338807,66.15603537784118,995.1860237145572,7.539317394528248,392.4979543936333,69.31236150625429,17.398311124774253,-1.8610241457958547,0.5261643576223224
2023-01-10 05:00:00,10.061878459266016,25.796632146867488,1017.6473106534054,5.221359967248248,305.7374583094522,32.41379943607095,39.08994179204983,0.0968008848295106,-0.9199034207574225
2023-01-10 06:00:00,30.490081522996107,33.03629155788574,1022.5066532139816,8.21643144266251,723.257591449981,24.11638619415099,46.44643372796056,-1.0008172953721668,0.9910879934579044
2023-01-10 07:00:00,12.098273030482789,74.8652818804543,1019.2069864617724,7.84610245203916,445.6327480345691,62.22495103693898,38.34243480100799,1.6452821561536506,-0.9273734617128343
2023-01-10 08:00:00,21.22454507368453,63.41730876255884,1010.2206851168344,3.193683893866214,305.1880885035722,69.43880785796192,33.405012283938014,0.25465363940235475,-0.5600037404005506
2023-01-10 09:00:00,33.71160477573893,56.320333272946414,1011.0526895039986,9.257946348525095,896.3912096819035,40.05543507771771,18.14551990919101,-0.8803540065438235,0.5603364517264471
2023-01-10 10:00:00,25.5142401527637,60.36867866130786,1013.6571720796868,4.392109664657856,925.8809013540912,55.17194553112535,19.837788406495623,-0.04027082254223477,-0.012973074015094038
2023-01-10 11:00:00,16.378041776565553,66.95163410723342,1010.7949699755728,8.424173394843436,319.8729302783885,60.122138732963215,44.99542686356,0.7541512178407398,-0.9536305504751196
2023-01-10 12:00:00,19.27757032592025,49.20480639381277,1027.4581867519237,7.101861940204022,561.0635186147325,28.86273651192424,39.35218804686399,0.5550503848154327,0.2215309964462795
2023-01-10 13:00:00,30.436781991477407,44.43390549195375,1046.1578450238703,11.514551030385368,802.2541069510767,32.72041246948198,29.53176576746947,0.2511783722280636,2.1205517661080955
2023-01-10 14:00:00,19.15706694626291,63.91690510195363,1004.6376232248824,5.329602052884444,294.6110522719988,58.463117697321024,24.985085450809315,0.22047179630561622,-1.016728413243986
2023-01-10 15:00:00,26.7316687166558,40.43254444769936,992.4529553063138,4.952049611645408,737.1876797488305,65.27521418062764,5.690305522663479,-1.5749682125114441,-0.8773444158699224
2023-01-10 16:00:00,25.36457471923051,68.16505511428943,1011.6757692747312,5.941741182336802,752.4834406193116,48.44321290261532,17.149770975786733,0.15925878455412704,-0.1661030743677852
2023-01-10 17:00:00,19.787197219153462,25.94832791524319,1051.6956400648148,5.090460651497174,767.7792014897927,26.802784697469185,52.93702904567668,0.6265832615154512,1.608308197801034
2023-01-10 18:00:00,42.1515527146026,80.58311274651288,1000.944881480454,8.39982570582615,136.6484212157656,69.80591667549162,14.634533147970398,-1.0655855721376846,0.6275828049621484
2023-01-10 19:00:00,30.07135217854409,69.45194964826086,1037.586752081661,1.151068174690236,719.2292357199574,32.03543653282053,32.27375785465297,0.8018505525049114,1.5270878655167504
2023-01-10 20:00:00,8.798859306739143,65.12059468627751,1038.1655122111465,2.838952742560938,504.2819203509303,34.97293328242822,42.08932767834239,2.2587970570989055,-0.19509339016129412
2023-01-10 21:00:00,26.491634518155426,79.65381967891028,1004.69617637438,2.7965912352624205,213.81817418100653,45.135067517344325,14.94092798397249,0.20441309818301734,-0.48421978596908827
2023-01-10 22:00:00,19.705708281852896,93.30948888925153,1021.5347461877792,8.850922775920727,377.8891061219658,63.31240631072161,32.216525697373,1.782712553812175,-0.27173585664499483
2023-01-10 23:00:00,31.819466678369796,80.2874013003626,1037.425949346928,11.131840117745776,705.8955370870102,52.80963964828335,41.25498645012786,1.028795234126404,1.6082271462719144
2023-01-11 00:00:00,18.6598340925384,23.182515373367096,1007.3130838851876,5.686652344387586,531.7683359345702,46.222982505428654,30.149991862887003,-1.008221270879308,-0.7106896682141546
2023-01-11 01:00:00,24.082108468264806,34.40846066528597,1009.9462945984644,5.493534830429968,675.3238941417453,46.94932795177159,64.41887650701973,-0.9388674971034119,-0.18421014472183245
2023-01-11 02:00:00,29.039898231843654,47.50362844608642,1004.2747862907704,6.210156489339544,1092.9321753546456,40.65272002965199,9.97680889346166,-1.0766719514077068,-0.1252486407872666
2023-01-11 03:00:00,31.92604155336097,60.52182100421668,997.778649039607,9.485634907824572,30.72751648668458,48.37209271777759,42.70474235860655,-1.0933216469206521,-0.2802550226157114
2023-01-11 04:00:00,15.39762874355379,70.35318040938246,1003.26083682401,3.217940597428278,985.1637724905872,2.129358361801632,27.92637915124243,0.6648596211692167,-1.433286017301906
2023-01-11 05:00:00,22.32399011327241,45.48512373693069,994.6408959985662,6.715106948204356,531.3067812569639,35.55088811395302,39.2630418580401,-0.9981355394359075,-1.1608765841663968
2023-01-11 06:00:00,21.20043751071235,63.73533528954157,1013.5112520238883,8.92559288934729,230.3647855030616,43.61982902375171,35.29568582039095,0.3876439050071759,-0.3976409922995882
2023-01-11 07:00:00,19.773366139410307,44.89234135293355,1001.4504015341204,7.503282509819535,100.90591227830303,22.734788745707394,21.20212563468004,-0.5789738275658599,-1.0269011255267209
2023-01-11 08:00:00,39.12363392224877,47.76964394016103,1016.5067886768612,6.56874484979623,443.26388276688994,45.7948497671734,32.74795670951208,-1.3689532716142443,1.3314687318718286
2023-01-11 09:00:00,28.23985368768765,31.866778063035557,989.6615653069456,9.003138277701424,776.4950335773378,36.932931685208175,7.705182583220555,-2.0760599201571757,-0.8477303484587221
2023-01-11 10:00:00,14.91292836531964,41.53533507778192,1017.9632034832168,8.518382118147073,461.7352638867397,66.33213547473235,37.238970006856725,0.2747782622298066,-0.5815278844553448
2023-01-11 11:00:00,32.34289557643821,32.966307887673324,1025.502934424134,8.033625958592722,953.3464790742042,63.59529587822284,33.57790159188631,-1.0310704363354135,1.2971485853727616
2023-01-11 12:00:00,41.977249576101066,40.48253494045335,983.0939653614282,4.037772950617729,64.64729298453233,33.012916463227555,37.66392202371723,-3.0490560700984917,-0.07845516855516715
2023-01-11 13:00:00,33.25972208440918,81.07283593215679,1018.6108485477135,0.5081013094306295,496.3733156461837,37.73743432649957,42.697419901045805,0.2587598459811157,0.7748826571222005
2023-01-11 14:00:00,12.845040272367893,41.01202222336114,1031.4150348870994,7.533607798574942,124.28196667606426,38.89078651587411,34.41143808251653,0.9037403018876359,-0.07250585236376021
2023-01-11 15:00:00,21.126127417069988,55.439190120489464,994.855384719632,10.120975635488874,609.0895647874904,33.22510785760566,31.777073037579317,-0.5680343849006677,-1.3018773926907508
2023-01-11 16:00:00,35.13528919349298,69.86635801761778,1038.0885858025656,5.587654456116924,766.06621702919,42.9253747604219,19.427179960064493,0.4578112355367646,1.9725446273290466
2023-01-11 17:00:00,19.338644275049752,63.69672247389748,1019.2852851404908,8.858623641608816,373.771461895684,28.625768966686145,21.45335083621139,0.7362356790828559,-0.2613597131559533
2023-01-11 18:00:00,28.550555425169826,42.83284439637573,1002.4248221636238,10.836834773965936,466.72795296731624,23.040769975937103,44.24081544212797,-1.2644472231189965,-0.2350330156956292
2023-01-11 19:00:00,31.19707242743469,74.00619758817983,1012.1634638351344,9.944743360752142,559.6844440389484,49.34066835850403,47.23602486847175,-0.0607396864904985,0.3144220371146603
2023-01-11 20:00:00,17.584556227375337,48.487243475244526,1021.3749036878258,10.919893588114178,631.0215655200528,49.442943763327165,27.14267476425535,0.4339697539680443,-0.2228557805064245
2023-01-11 21:00:00,24.5237971515056,62.44019629290723,1014.1400808711862,8.226382473215676,621.2884264885092,27.935263605100115,30.55203296703929,0.12036789720500703,-0.08201006152715211
2023-01-11 22:00:00,3.4663294815097174,60.259499149207116,1021.0813398866956,6.226300916704778,870.7346575466463,53.430331461439,19.144627500074808,1.8664281009583847,-1.4764466498641473
2023-01-11 23:00:00,16.804898869325683,58.078802005507,999.1898961038096,1.1941025643084942,178.68389610528533,30.52633406252003,44.07308214320933,0.00023685571421450696,-1.457302309881528
2023-01-12 00:00:00,22.97945478885472,82.98546652571352,1015.5404123605412,5.261812535610154,704.0648316351349,43.79747857056972,37.98500188430134,0.974220183720182,-0.24732441822064
2023-01-12 01:00:00,15.017734544281204,45.93647149748225,991.7942825464252,3.4702602140514247,857.7522537433924,52.30516018918684,53.29460923756499,-0.5443910904201379,-1.9161546009016779
2023-01-12 02:00:00,38.05929043145308,59.300230190060766,1011.3316090797696,12.51282815249344,726.8239007595428,39.4958115294443,19.460123073843132,-1.093451326380183,0.9214311771213084
2023-01-12 03:00:00,13.55886897631494,95.4160127127102,999.441385378028,5.47234256270299,595.8955477756932,46.821113682117016,25.463905211781395,1.5005930927110658,-1.9100954182302703
2023-01-12 04:00:00,21.47964410642413,47.46065884424465,1001.9670508611536,6.369614420353457,348.7460506976986,32.25355534168642,32.77735107030687,-0.6008590598898743,-0.871939383027548
2023-01-12 05:00:00,26.04592461828873,96.24897115993858,1031.5413976281566,7.654456128121403,475.5431980695062,37.05300124857854,37.757874452709245,1.7765813383514384,0.7465657097413284
2023-01-12 06:00:00,36.530186312528926,74.1550387091095,1029.369651808914,6.130807339117361,604.3029450615008,36.9121085367949,27.41198834942841,0.17830451166574915,1.6265640843055318
2023-01-12 07:00:00,13.513102790564483,48.75066448211464,1022.1370718136076,11.085153121292258,353.8314307659344,28.801324801896417,19.5244669145556,0.7732575730797581,-0.5253046071319109
2023-01-12 08:00:00,34.30531001723968,72.64815478111042,996.6153085299112,4.132051914796644,297.2875762515165,37.34838755326327,40.57689034708285,-0.906791575152271,-0.20380136706430024
2023-01-12 09:00:00,25.081864488156697,79.4510889925346,1008.253873254578,6.583822365711728,510.2457252464074,16.7707255170438,38.65362435054698,0.4327241118606371,-0.4212164495347143
2023-01-12 10:00:00,17.147930791616393,72.43619924434392,1031.1964654996875,3.7725882429058553,173.82621834115923,32.63269379286843,19.0047107932353,1.6279710352131158,0.1113594407300721
2023-01-12 11:00:00,28.696827794106166,28.595505602190872,1015.1257537045984,2.0399324663378824,174.25246133444438,35.726867599454934,46.265313613265945,-1.286630140780923,0.4922918465188475
2023-01-12 12:00:00,26.59247756458776,45.45725648350263,1047.7899430997254,4.164692727284144,703.811984886951,36.1573037125693,44.04238451035924,0.630897504268666,1.8769751978542066
2023-01-12 13:00:00,20.198264982729643,55.0496272889699,1018.8997675909156,5.888889608854764,155.36178945240317,36.37753831193832,31.611557966973518,0.3687565672339901,-0.16401396422493097
2023-01-12 14:00:00,25.55841667992015,58.511331417999074,1015.8807367473504,4.71209332644822,699.8937502727636,39.073537002098064,30.95517434851244,-0.024269790275209455,0.11259510770308218
2023-01-12 15:00:00,21.91749122510592,72.41344195101357,1008.3632530369624,3.922737060378432,638.7773878561853,47.19162277129096,36.64869325339089,0.43627524460783795,-0.6428695650317314
2023-01-12 16:00:00,25.908138762009983,63.55402001866508,1015.0031135717344,1.7810476089844984,467.75399607774443,53.11775611198784,19.659563156924904,0.08640364099194138,0.07116987673360639
2023-01-12 17:00:00,30.29704539616837,33.29311282579798,1010.712952454292,5.750683282113916,296.7306042993035,30.25352159727599,30.360377749968983,-1.4099461867248022,0.37857500913088543
2023-01-12 18:00:00,37.68813452916282,67.60395702011927,1023.6216301503288,1.4858388779069935,858.2328209142117,21.951987169162837,4.171397464689836,-0.3376343968877934,1.467277430973654
2023-01-12 19:00:00,15.097476009385208,72.21171490567646,1027.3505347519188,8.280167891068807,205.6503406580955,24.369333816353453,40.51746774603522,1.6319253183662836,-0.25251761695304925
2023-01-12 20:00:00,42.06426699725013,71.1958089586208,1001.2101580923808,6.24731925880351,360.6787213071837,32.69195618207609,11.262081330697686,-1.3636383025308556,0.6826618151975812
2023-01-12 21:00:00,9.383297603819983,81.61561451109243,993.0315056966332,1.627345501605208,638.618267975569,34.72118023275236,48.04103794114799,1.1140521033096344,-2.5097372449245494
2023-01-12 22:00:00,23.78571923971533,76.67844309097808,985.4569194034506,5.07237276885041,735.0171527847787,28.450059007038146,26.0385588724026,-0.39896280893020036,-1.665108261274889
2023-01-12 23:00:00,29.70653765187661,69.18360158456873,1020.619869903688,3.7435307832282505,424.5383341866513,20.558250036251582,27.45999621682588,0.19838209045001695,0.6419660740272154
2023-01-13 00:00:00,27.24793494188026,58.59668577082706,996.449500907392,6.957523531257541,320.74694159250754,33.15818758788718,22.467193126985933,-0.8588367663607188,-0.7273986450355344
2023-01-13 01:00:00,20.01840384143525,26.78078132968017,980.7066411057128,10.021351338069431,926.7109585095524,42.72139930170957,26.543533512935085,-1.9634633922438323,-1.9586486259563802
2023-01-13 02:00:00,23.3350219971418,68.59236438265171,1018.8286790679643,0.3744825910627662,1021.6698991392736,48.92544198753348,47.02237614177644,0.5864304058336767,0.023331567472461776
2023-01-13 03:00:00,21.055992522729337,64.15375374326223,1050.394992761492,6.345078237442252,793.6574152345386,31.638654203375182,0.1462961215790486,1.7636476037847437,1.449174937245193
2023-01-13 04:00:00,20.285081944446308,65.43157674390747,1012.9089363269017,5.519601613300079,525.5954427695073,33.80503266784849,45.32358463305825,0.49038187257657434,-0.513215629451813
2023-01-13 05:00:00,31.7968167761682,34.46502848359381,1025.5773616167746,8.014020229351397,257.52028350772207,26.09952536729034,34.0562817732205,-0.9375925637595938,1.247546000141334
2023-01-13 06:00:00,27.85612388772038,38.37886919183475,1014.2274403782136,6.639589884713067,250.8666780330304,39.528412444378354,15.515740225713412,-0.9295521034932586,0.32581747865773086
2023-01-13 07:00:00,19.456723237914765,81.06305706665808,1011.5166552021328,3.744092004783543,656.7542315797273,27.273570487137786,17.096251283409146,1.0242222712515743,-0.7340939004663971
2023-01-13 08:00:00,32.196799003466005,59.2088969228669,1026.7861472448164,5.042838193000145,625.5194662666051,48.596917198618,50.116716326498434,-0.09468314547719309,1.2128063372015945
2023-01-13 09:00:00,27.458396167012875,73.63001394745248,1008.6458818371702,3.6119224295895327,920.4795778839288,13.212002620988333,18.653917440687223,0.07561597862016689,-0.17288221437026408
2023-01-13 10:00:00,31.50289695071168,60.56636752260923,1017.0108847110786,9.228021415795794,695.1350277608417,34.60555491321306,16.15979387284849,-0.3557998135005089,0.65462697361251
2023-01-13 11:00:00,30.037030735388896,60.5951227899149,1017.8254670929402,6.063934946015826,49.075909472054605,44.51661008787613,43.64777450837676,-0.21606691174735937,0.5733351771009677
2023-01-13 12:00:00,18.368039912623424,78.76567611951995,1002.9786431953544,11.703572057259022,815.5842853168756,42.75751774483757,34.06263451543097,0.7154161269899753,-1.2437001857092806
2023-01-13 13:00:00,20.518551678424245,49.67910543565253,1027.880635243048,5.818017558556138,200.58181180567613,78.83302812119051,18.74489308156321,0.4941887210005208,0.34386145422516406
2023-01-13 14:00:00,30.978348840986094,61.92241553881967,1010.3756036495688,3.874779699268612,384.8086184142945,45.24700036851861,32.599499704855425,-0.5145131598266759,0.2690121723398503
2023-01-13 15:00:00,29.88296212346772,50.75449422589915,1001.6638226076074,1.4588568221615184,575.0600618755084,24.939181047369846,17.690967796316674,-1.1261451881898528,-0.2036439560643432
2023-01-13 16:00:00,24.832787248286817,51.31007545135369,1021.047647653556,0.590580971232165,1098.7002469351892,38.5680362936639,43.20985678107127,-0.02213069620742399,0.35035812763588775
2023-01-13 17:00:00,25.938619066470256,53.816557530627215,999.5229802731344,1.2475921709835305,890.358582338022,13.356304998003225,42.7364515784776,-0.8089669941860468,-0.6565703122059624
2023-01-13 18:00:00,35.2213191663074,64.44267543267426,1013.4227173605368,6.80137995303445,682.0169177408548,38.79100376054858,36.38407438586332,-0.6338015527028714,0.7634471458304719
2023-01-13 19:00:00,20.26742888931336,50.42502756673045,1012.863215050337,7.526175069689802,445.0410143838836,27.50415914498862,34.3399327349642,-0.012353545240812726,-0.4387065199537538
2023-01-13 20:00:00,29.3767790493603,85.11512251147042,1029.2884334874736,1.2564278939035995,660.3516945441651,53.73085413340242,51.13425749840849,1.073802686721306,0.9687428235199603
2023-01-13 21:00:00,23.382458780528847,42.107853955609926,1020.1204734931993,8.685114942228346,766.2966277621508,31.75689588106697,29.996235928658702,-0.2563870474736487,0.23063560644614534
2023-01-13 22:00:00,23.25855037418224,56.26256711677282,1012.6245956188228,4.550816844949681,403.7997123328425,38.2485112630713,15.817510494950389,-0.04794108651688529,-0.23176158200711397
2023-01-13 23:00:00,33.79021481589752,51.2053788345165,1025.2664944880044,6.440379035956648,1038.563406773697,30.466632378933948,35.39368695398768,-0.5366949640894776,1.310762960785972
2023-01-14 00:00:00,31.60333079190424,88.93955768707465,1033.8531132352598,10.836661884766272,569.0212277574207,66.08277027779997,55.03256459444536,1.203609717733936,1.3647903961830479
2023-01-14 01:00:00,31.50807708800511,63.931095530231495,1021.367154595278,8.690517947596597,649.3229267274182,35.18135850823133,17.822886081769774,-0.08394908507244014,0.8573098887795793
2023-01-14 02:00:00,35.44383045723463,80.6368907893727,1013.1552892976508,5.194408056282503,699.7772756163384,67.48835565218803,25.66244679967217,-0.11800211863318694,0.6840252409856561
2023-01-14 03:00:00,25.16803073306207,30.28879253926056,993.3224565147476,3.326423323754138,626.4759831843367,52.212276431774,34.99735245721743,-1.7665015865794593,-0.9109493427115091
2023-01-14 04:00:00,30.45562377035971,65.34100531738518,997.0232950538694,3.584481683013439,751.6821501408837,47.2310009100308,29.35314181193113,-0.8503977555636154,-0.4661321004784324
2023-01-14 05:00:00,22.517865947252357,77.79261591246873,1008.42162943468,3.84254004227274,314.82404403592307,45.5309972097628,18.212357035472223,0.5738783630158594,-0.6179197343147259
2023-01-14 06:00:00,27.593330819907536,61.64567978550848,1003.8573169676108,5.366609283516917,332.50947381619085,45.906959473243774,43.46229427476565,-0.5110413825641432,-0.34072490500201
2023-01-14 07:00:00,23.958855565058524,81.30960750130703,1010.1954304552185,3.038461418546448,169.95373010849153,11.084911309815851,57.84048866420712,0.6495218150937219,-0.4265982375518574
2023-01-14 08:00:00,25.775967719941747,49.65423099799256,1013.8497488734566,5.606229098723086,631.850369186068,35.81674908773865,32.35357750828689,-0.4113504975060352,0.0744666607369057
2023-01-14 09:00:00,29.761256203495307,88.1869488037116,1020.945391315351,6.2305556488763045,733.6809510536342,52.67736956776483,19.151180523167994,0.8424141357186847,0.5638148191447274
2023-01-14 10:00:00,18.45423453413222,70.4650887974592,1011.9425183291136,5.3254320545757645,637.3318598455658,39.26654224788842,11.4124736993583,0.759531561734744,-0.740917869479509
2023-01-14 11:00:00,41.739098205483685,52.74322879120682,1020.2975246573932,4.04999225752962,1002.3477300042612,18.922152297946376,33.09571177465417,-1.2579301168785335,1.714902991026371
2023-01-14 12:00:00,16.951860948002384,51.08994957198456,1013.9671162221518,6.505964015900183,498.321194351286,39.21393324133796,43.24652811979509,0.29672560887386434,-0.6629714402298267
2023-01-14 13:00:00,15.286491097698145,89.06768954235402,983.368001504692,7.325821948708227,700.6224966777538,65.56158274383236,35.70201295794458,0.570832671641941,-2.5439202000678987
2023-01-14 14:00:00,34.26488698800054,91.59144291461423,998.9099690927188,2.728802767671462,172.48973715820568,58.70337573302079,29.971153908973758,-0.1855593684106203,-0.19021651361043665
2023-01-14 15:00:00,31.333301551703485,49.54279945693463,1010.8386866641756,10.23279713923881,383.8700892576797,39.069939859509525,22.92874017852833,-0.938354746972289,0.3865622674954542
2023-01-14 16:00:00,29.99295853641724,51.59626365808285,994.8545788573832,5.704235603147215,708.6613272697332,54.2717391558713,16.894036407382924,-1.35560075665408,-0.542436775173493
2023-01-14 17:00:00,30.02676407411424,54.364307822789854,1021.9989309499432,6.056548868834543,754.7306332229432,34.50239469447922,40.01701591589858,-0.27099424015036566,0.8155654215695003
2023-01-14 18:00:00,24.902025817224683,33.11098977931446,1035.9612624851554,8.12464326976967,411.8099157007453,14.441926197599216,40.965259456627024,-0.09015287357927633,1.203572537702465
2023-01-14 19:00:00,17.821965028113347,41.62696107031604,1031.28142777546,6.699648393790505,478.52022444258,26.133010178056686,11.451242559711204,0.5496000946136566,0.3325860625262316
2023-01-14 20:00:00,25.60643646554981,39.91718466495864,1009.7983569360468,8.859409901739735,44.63787599575716,63.443331527622966,49.07806773816821,-0.8731442077794002,-0.09329479197997899
2023-01-14 21:00:00,19.582706307903106,44.64404869791743,1035.3608920527493,6.8613724956054725,392.8912397580172,35.89010377256044,36.888854650728014,0.6692174751056932,0.669517576218162
2023-01-14 22:00:00,32.80095786734201,59.30630225226437,1015.2300118580316,4.162687876078686,767.1149490559359,36.34924030937473,46.79513574174952,-0.5596843776205054,0.6795924633497844
2023-01-14 23:00:00,23.82354094798289,64.68429465073041,1007.9437104332294,7.084510575618305,672.5615048319698,35.502427055876794,13.89446701817862,0.020520240200740027,-0.46476448393732045
2023-01-15 00:00:00,18.396022425659908,91.01000985628154,1003.798960046886,2.568821378038015,650.1997164143629,68.56204884359511,13.610110135014732,1.1532915403346378,-1.2638537839863189
2023-01-15 01:00:00,22.428913266776053,40.03291918522418,1008.462954702678,6.325679117329569,514.932106154288,64.38938373043095,28.21236828279244,-0.6820737914406223,-0.4262626884110844
2023-01-15 02:00:00,28.303451634204997,79.68644796953167,1007.1773477218816,5.900310028066618,502.11894758845295,73.281703501722,36.03341312274233,0.16177011029063426,-0.2081042986756997
2023-01-15 03:00:00,20.4902035775682,55.72022311548982,1015.5562433356324,5.375649428182381,301.9036581579659,37.61432184399923,51.556329875123566,0.24701981635790424,-0.3118710902147525
2023-01-15 04:00:00,18.42223683546855,59.01072580695134,1015.408609715748,5.614387465683208,709.6485260607604,44.43436733120642,38.47294696578157,0.5054359494481161,-0.5089408500177083
2023-01-15 05:00:00,26.9494976919353,73.49638984333208,1013.0456903023012,0.3544528635070829,626.2918833168169,17.250361758688133,27.0878246782556,0.27014873041316817,0.007377574893142947
2023-01-15 06:00:00,26.959732568869786,37.54555956875403,1019.5540725461952,4.353825276777116,647.6056543978398,62.15401639177412,17.683569508009295,-0.6956934546491189,0.5241780180499168
2023-01-15 07:00:00,20.94445459703096,67.64819492368102,1030.8596941217952,6.278534703423344,342.1895471997259,22.48330673098097,44.7600068726298,1.1732289063606929,0.4359497454170167
2023-01-15 08:00:00,21.23169355505342,63.32904416426112,1027.2433120316198,6.479569175992201,585.6676803629173,43.25163345643944,18.423534890991423,0.8748039798635425,0.2999642932193507
2023-01-15 09:00:00,26.85639949886109,69.84902528016298,990.7265304732516,2.916974577222126,829.1458135261087,23.54046208550734,49.54162265726786,-0.6627142394789217,-1.1075169280561608
2023-01-15 10:00:00,13.415325268021409,65.78337287815636,974.6911829764708,9.797123522594102,356.3487631974788,31.16699759891956,26.58738420472189,-0.3874897927146352,-3.016296422203935
2023-01-15 11:00:00,13.740289804987558,56.514286596565015,1027.014798668589,3.401475455356497,241.16727078706384,27.441063534254496,49.0869848714142,1.1949762592121034,-0.3007454132248318
2023-01-15 12:00:00,19.252446229980517,47.24520031497368,992.4968195237686,8.90837160158021,708.0436735741981,30.88187108986273,38.14717548071134,-0.7895193278703623,-1.5343882711893304
2023-01-15 13:00:00,23.292422786305224,49.380060899963645,1009.6285189716098,7.281583085615054,382.3962080242611,31.91315945276532,28.356054126690506,-0.3906262838913803,-0.3442044271451829
2023-01-15 14:00:00,27.48726052478404,47.53718947150471,995.4483046091096,4.061318070468591,817.9809152139865,31.77596807612385,23.767243538086483,-1.283537660206954,-0.7002612464529377
2023-01-15 15:00:00,36.80284973559642,48.890457616794905,985.9702934362996,11.325932677828536,685.1017848730093,52.50000867670461,25.90910547184704,-2.2777029624375604,-0.4086972569601384
2023-01-15 16:00:00,31.861276985616158,47.252257453869646,1021.121940923072,2.41908950473056,705.0707969601433,23.4270581040622,35.13980030850285,-0.6775338480535757,0.9614040225712359
2023-01-15 17:00:00,23.72049176029258,83.78033062215104,1024.3873274045395,8.757462520830003,90.21328663983974,43.308121405208006,30.9258779546126,1.2698770135247246,0.2567154115463021
2023-01-15 18:00:00,24.847870336778488,88.4100849597971,1004.3523439890992,9.001746954128935,863.5831956159202,58.269387284583374,22.874263103175537,0.6070957426794422,-0.6843281039782697
2023-01-15 19:00:00,16.97976508289753,48.58507412501048,974.1343656178263,3.988139372770066,578.3751593701568,32.30205453229906,28.01242307618841,-1.2485051853108486,-2.657419484418979
2023-01-15 20:00:00,24.85189491206088,43.35288853791543,1004.8063332762129,10.177395900192987,389.21685822613904,29.231216638785973,30.9429243566298,-0.884944623969503,-0.42602499309655134
2023-01-15 21:00:00,22.690730888638893,69.42831112772808,1018.8770600810382,5.249860456203142,543.0165402026753,36.54213062229624,4.455190867022253,0.6640645538248717,-0.0323178156294378
2023-01-15 22:00:00,27.581748482704715,48.95553911438057,990.816326468388,6.866080887839571,582.8061918234382,57.69587812541065,35.498017377464386,-1.4127729961329063,-0.9334969610198601
2023-01-15 23:00:00,18.382152451581412,72.65863635511022,1015.7503987966874,6.780965516313662,622.5958434442013,42.91161446430037,18.24334530339832,0.9778254967368902,-0.5662382288779333
2023-01-16 00:00:00,29.15477211392938,64.058460417026,1012.770352262405,5.597073775588356,191.18854754537853,32.03178558088602,16.16001116153106,-0.21976306581257818,0.2266266899133977
2023-01-16 01:00:00,37.26191130402062,29.68511770005536,1021.6893724940164,8.432424819479346,94.1989142469397,47.2581497678206,9.751867834671476,-1.6461554693981346,1.5320575009621482
2023-01-16 02:00:00,24.12991881234514,90.95010402660122,1014.7937055262124,8.380466161656638,43.292244134632654,23.46561775245365,8.473290025585317,1.1280049622674602,-0.23061122679226298
2023-01-16 03:00:00,28.21369377679153,95.91755346191044,998.4039658867766,0.7544040802854575,833.8065124969776,50.22039265664422,13.73462996265253,0.39038717785475474,-0.7429450452288038
2023-01-16 04:00:00,30.5211519336889,47.74422619031228,1030.9485725249674,9.913020728634455,311.2209818921634,46.12910961552652,21.491748508434117,-0.20147474645729824,1.3429029829171273
2023-01-16 05:00:00,21.79023622491331,52.24596880128032,1010.6220564045956,1.0125240358929766,960.1183129749496,35.38287293291674,53.43910965031882,-0.1466593286085765,-0.4342967939702951
2023-01-16 06:00:00,26.792739854483333,65.7173078144981,1012.590431907351,9.097638613024971,339.2595610843107,27.421213023291536,23.689443889257557,0.004699313950862481,0.01191702919313464
2023-01-16 07:00:00,25.10073920625436,66.6891357997405,999.000980613902,9.38011541048275,252.1511145498565,26.69978616574814,32.13300127521637,-0.3348950713392912,-0.8199377356010011
2023-01-16 08:00:00,25.781408788390653,73.1708854534566,1006.3507662321274,2.727100709354405,165.04266801540228,48.02226004518865,34.80577663807594,0.1007782670065202,-0.42614097799585415
2023-01-16 09:00:00,18.81592172915627,64.8159704517878,999.7279592895964,4.767557136136245,870.7434860020817,58.434707537335925,31.572782234590186,0.09605081257525262,-1.2975950815022368
2023-01-16 10:00:00,25.19608139407154,56.46105545011901,1010.4058091011486,2.682885994542193,453.23054661899977,30.44038379456808,29.07067847128808,-0.2665596954399368,-0.18317367653245462
2023-01-16 11:00:00,28.9839863299636,44.03405510923093,1038.675627202135,5.355236909133794,335.51381105281973,46.87580055327226,15.656474836809064,0.07163230792987003,1.6239539630784294
2023-01-16 12:00:00,36.609148862360335,32.41361543970946,992.4214828560296,5.0758971474427765,548.0054677558363,8.694594720968968,47.41113057935054,-2.5785581261365977,-0.013383998068983046
2023-01-16 13:00:00,32.67416660868165,45.38139920116162,988.7965790318488,8.338981596808019,650.5348208502635,31.230734040142007,51.68635972365462,-1.984832768798811,-0.5920885970231723
2023-01-16 14:00:00,42.22545966009245,59.337460542524056,1035.067554912404,9.930926238358824,835.2196447707382,39.53411600693647,9.80809567052777,-0.5322062583914487,2.46631257705606
2023-01-16 15:00:00,18.861219496895604,95.89115727035576,1009.860144842722,10.187051432369868,934.549768967878,26.35474874527249,17.711656909363445,1.5041845118930215,-0.9446947054266458
2023-01-16 16:00:00,31.978565093765425,49.64777401927657,1002.9639089201012,4.313495920265094,392.0694062632743,25.95240437815606,26.64227589147593,-1.2712878195006054,0.04248717710965125
2023-01-16 17:00:00,26.466736045906814,64.47575903277797,1028.598570310941,5.372334378766417,102.1856941753885,29.983306652966707,18.425546461077705,0.5738310951450986,0.7989309632790127
2023-01-16 18:00:00,42.51842346574138,59.67154207854496,1003.9157669039472,0.949685423337149,375.9604516630172,44.3828909248956,36.07158664147038,-1.68406067216043,0.9171737436455989
2023-01-16 19:00:00,18.533613717158783,83.76786546896167,1040.390145703204,3.5823898005114336,578.0841519748658,37.19006472390438,21.26073357112064,2.2411677580751643,0.6316852444963408
2023-01-16 20:00:00,18.28222526255379,66.57524500527764,1023.168888070089,8.894554899292373,210.8723221368168,6.426531500125421,55.98067281367923,1.0533799310153977,-0.1685197689563791
2023-01-16 21:00:00,20.204858836447823,49.38262454159359,1005.6813288778144,10.846748470644696,212.85472553148716,8.189497710474008,44.28658313212316,-0.3057140337728734,-0.8008630271210002
2023-01-16 22:00:00,8.008834205521545,50.21121114963556,1045.3596231989825,2.2969533843602337,603.1363644649656,30.89702233214237,32.55088836758658,2.0819453802741994,0.17979880685687008
2023-01-16 23:00:00,20.793959826553916,80.88321754138144,1003.91427615495,4.222607222541317,485.4042945288647,46.86529879080328,42.32383515983679,0.640314031342097,-1.0052328889992164
2023-01-17 00:00:00,18.92693870757041,73.63782979252623,1024.1314305801395,5.920782729123219,509.83909862347593,39.68467307426441,43.27080509228771,1.277168368155216,-0.10303309087405131
2023-01-17 01:00:00,26.20315029180966,96.93414651472068,1017.4893887060974,6.840483476458821,272.45139958997913,32.50404735772554,23.23263014330108,1.2730299317831963,0.04707991072240352
2023-01-17 02:00:00,27.73404780621728,71.67856370651927,1032.526119340982,3.5711894402350617,430.8797857382698,32.106282152238684,20.205393065496423,0.8646740067120513,1.0652120209427403
2023-01-17 03:00:00,40.00936671372709,52.81415818425881,1036.422667950903,7.272183133392269,222.7300567195087,60.82506667312671,30.93771675563577,-0.5362641490966746,2.383912257729705
2023-01-17 04:00:00,32.6033907054884,71.81309661384618,1013.4800622359865,4.578481958787251,767.0595233374361,34.22467282430705,40.33963349397533,-0.1904257630971619,0.5095722793188402
2023-01-17 05:00:00,20.38477075470077,82.17407161165815,1001.6987319448072,5.956643187365163,810.5748004171257,45.74483477111393,31.66872478384101,0.6327662358349218,-1.1578805690586893
2023-01-17 06:00:00,17.812682629213135,76.40964362394729,1019.8995821440868,7.638852744011099,515.8607711797014,42.118857101311946,11.076042213708035,1.2977226940605187,-0.4239413526588559
2023-01-17 07:00:00,28.935353372052045,70.14548062214595,1002.8342694537184,6.019266809432813,221.146741942277,8.04150280289199,20.366106672589893,-0.3636995315884608,-0.3247722913454962
2023-01-17 08:00:00,14.438134343834864,81.33349379178307,1043.2008087128993,4.690842328420294,51.0412234729763,51.52310824947606,29.112325636867464,2.566975399543934,0.4446680280860421
2023-01-17 09:00:00,39.65167012683483,83.38591180891345,1015.0480299662412,5.671170588222507,304.9928196779305,43.23094758184432,29.09201274809004,-0.26931307253524756,1.1160908752492649
2023-01-17 10:00:00,34.435520965770294,87.64317982075055,1007.5201767303184,5.734911122383994,474.9686090628917,47.62402959511884,53.6705061214777,-0.014973271095442163,0.2790566511992907
2023-01-17 11:00:00,21.24659478316236,72.97419775179286,1015.7702045879736,4.889966910353617,65.10643409044098,78.83302812119051,13.368144691212024,0.7762604884314265,-0.3280102825423116
2023-01-17 12:00:00,11.29492376727298,56.657638393662914,992.7931056570544,5.223611811998693,223.44205606240604,8.738305907521173,36.067070902030494,0.12775188851736716,-2.232145503095781
2023-01-17 13:00:00,35.8309789933233,62.93427372866645,998.4257894223402,10.795941511514153,198.81278837555044,65.87044974641663,47.86935729993947,-1.279024883642676,0.06545718812333534
2023-01-17 14:00:00,24.083681237979057,84.13017933016714,1031.0062086191665,7.682758343823716,562.1801988196831,35.688287208994666,57.25739694507355,1.4970880500145816,0.6191469656095512
2023-01-17 15:00:00,34.902530495787694,43.66128658025528,1003.146585815429,5.113559045912519,520.8033011108752,44.30993356604514,25.147230921792463,-1.6822818590097361,0.3267743226307941
2023-01-17 16:00:00,12.244578729645063,67.37346617745803,997.2963352597708,8.090863213532206,283.478733998824,39.31731632048137,35.8971534326424,0.5808951109034434,-1.9816349250202914
2023-01-17 17:00:00,20.204999816369817,52.13322375345279,1021.0497912879092,4.99854153073197,553.0462616418193,33.63645499902935,36.83712428638376,0.34939175620465124,-0.039753793822820675
2023-01-17 18:00:00,25.041949597745464,60.57489645869635,1030.785562319945,9.519373912759924,335.9959746238204,31.45250607641862,32.34578077863949,0.6292393448529281,0.8108132370006693
2023-01-17 19:00:00,25.37584475011793,85.56903725214598,1023.784299659976,7.108926576594282,418.503466902184,44.942631033595134,28.81385758512833,1.184656867324603,0.35500194531554274
2023-01-17 20:00:00,21.39947622816605,63.82198136039807,1027.9407152870872,5.678093567987314,1002.0356270895612,17.242394549924814,35.231704674000554,0.9043880398067472,0.3465735032389018
2023-01-17 21:00:00,29.98279945877999,60.92873096312297,1001.648073671458,7.343150777430833,902.1383155371044,51.25868751282648,36.70826927737606,-0.79353948533036,-0.24919119773609447
2023-01-17 22:00:00,16.459036564939247,32.802877180401616,991.6728399988724,1.287371543794502,110.1256289217207,33.757083926721194,38.184833880751576,-1.0956138453421465,-1.7335703902345578
2023-01-17 23:00:00,23.860964119829653,74.92507132054442,1035.5200047793323,2.619697593270584,748.9197253637524,23.048959914394636,31.514134843943605,1.3708460851010598,0.8763491570346343
2023-01-18 00:00:00,25.96236505369519,72.9096836228215,1008.159802417368,2.418224980802834,743.4189663474776,33.24980713006279,27.330301238660816,0.14486268275364483,-0.31840917402530805
2023-01-18 01:00:00,29.11551067246999,63.37705946188075,1009.2375047531744,6.42882928429112,155.52101337421453,58.85723825293859,54.56234634863469,-0.3690851892318783,0.04865033933568925
2023-01-18 02:00:00,30.69291902471112,53.84443530093999,1032.9229121277358,11.197544998455276,745.6332931264582,31.969973694756654,21.90079177451337,0.06230859561541743,1.4250221176536504
2023-01-18 03:00:00,16.002863265297044,64.38300655327878,1021.34345014101,12.693900438577897,961.379575523766,45.3768042731443,25.16308813121963,1.0824921385339665,-0.43927237784845674
2023-01-18 04:00:00,12.727086634115022,64.9876736742151,1019.838316581224,7.914153304322271,163.23655812667585,29.035655864267905,53.89863962645681,1.291013393547603,-0.7915488087430381
2023-01-18 05:00:00,35.22141457518807,91.5490655952695,1045.4750351735163,7.502533424833371,224.7491536957209,51.36882774885429,20.01526434180172,1.4478882874179324,2.239307984043035
2023-01-18 06:00:00,27.65851209583673,58.09408935226096,1003.347226544298,0.5968267975417829,805.2984400530507,50.28261608185306,23.398616604761536,-0.6534685920839709,-0.3424984661376016
2023-01-18 07:00:00,19.01210770754757,65.58043051540679,1026.9176019212186,4.371978600797934,581.4485932476944,67.72913249944617,28.2356949188298,1.1031765015163666,0.08668632934281044
2023-01-18 08:00:00,37.409215804180185,72.15793019433079,1013.8551968734564,3.6366487442752833,665.442882571857,37.36654081751177,40.08881378555459,-0.5222558314560903,0.9274743815130831
2023-01-18 09:00:00,25.925397074342868,63.73218246312716,1017.0288841829488,4.137457205246652,602.176764920149,50.0298220713686,32.49363008823976,0.16530109275144084,0.1738940356588451
2023-01-18 10:00:00,34.43437747251061,51.07132770898944,1035.927026396188,5.495568544245631,617.2087762784432,41.47101309308417,14.488495834172848,-0.19849346380148167,1.9030799732039014
2023-01-18 11:00:00,25.54014785128087,63.88179985796615,1020.6175363443444,4.583728266908618,102.05836150667513,59.438076727945216,23.613977242473727,0.3304102924168733,0.32205912362431455
2023-01-18 12:00:00,41.4859833990559,81.47263499719544,1021.0744411857444,0.062100568872637,814.1953119864345,29.21751418586904,22.711746801453465,-0.24888807915045882,1.5831163739723837
2023-01-18 13:00:00,39.04272673954564,39.4696940117788,1029.087610059647,8.243730768352602,850.8769977283321,51.17507969315922,29.07334745732345,-1.179889820576632,2.002812991659368
2023-01-18 14:00:00,23.00828681216741,62.65939348293752,1007.5257090568568,2.7817709227805807,431.1827767795917,37.079540558249775,35.11012390355795,-0.0019999434590400747,-0.5432784271082205
2023-01-18 15:00:00,32.77256760763484,45.99758370121653,1000.4118549899148,6.717740592333449,486.9569150558413,39.03717734337253,35.01846907065566,-1.5459828398455755,-0.0010247377219626441
2023-01-18 16:00:00,30.16300759668118,83.90093257849685,997.3278620896843,12.22224800924992,40.66774923328336,41.37628726672559,8.687858951419173,-0.1961675085282614,-0.5719926942365173
2023-01-18 17:00:00,35.94905246025879,29.536261904324505,983.50465115936,3.24184622524073,654.2764268053504,43.78360594640016,42.767291850730274,-2.9525062489015768,-0.5033375112859346
2023-01-18 18:00:00,17.280612315359164,48.82156305456823,1043.8431069491048,4.191916779800199,671.6172325142433,38.256564353170624,33.03082615195948,1.2908865983455675,0.883732366888616
2023-01-18 19:00:00,30.488411679987514,67.54423750129041,996.4518745141748,5.141987334359667,481.3426949002067,43.22069774755789,46.61438457112688,-0.8000113105732423,-0.5037241268554399
2023-01-18 20:00:00,33.4673958947967,91.3104805846868,1009.6811956462134,9.302878904995714,837.3060079611507,63.67177086343277,35.33037992748806,0.25890761991893646,0.288228202669684
2023-01-18 21:00:00,10.930084108615086,58.68499477854024,1008.847800501666,11.875042362661782,399.77683070601785,54.78174528422828,43.21587549282914,0.8109078486069417,-1.463074783105801
2023-01-18 22:00:00,15.5339318986738,48.89600946613604,1017.6111004671366,2.311351216642749,669.38177776808,53.03731888745345,35.59854373740152,0.4621446715799594,-0.5859066917331683
2023-01-18 23:00:00,8.686142577919195,97.6231413888118,1025.2360581880894,7.490097669709565,194.1006983923653,33.16690710964194,46.15470907443298,2.88157623048183,-1.0264389401141867
2023-01-19 00:00:00,22.844745324443537,31.03972199167512,1025.9071023253962,4.6040686296598405,492.9343547377285,26.661387576575137,36.26700763221334,-0.3749589063972725,0.5355119123346115
2023-01-19 01:00:00,30.740338046367697,16.023880867598365,1004.253838421466,5.682154937087593,447.6937226291493,54.32950837356629,28.82501704268515,-2.257640985325106,0.1797272672858657
2023-01-19 02:00:00,37.01885641676822,68.80028900106664,1010.493174293204,13.721467347667918,567.5923766122825,53.14070188794692,57.26921664536258,-0.7288219518090235,0.7427999635497503
2023-01-19 03:00:00,25.5927582433582,49.958915512947776,1017.2386992573244,1.4910890148145404,389.14192134999246,62.090060136264725,40.66844546735871,-0.26337978336367546,0.22859514293261549
2023-01-19 04:00:00,38.02892436457034,39.57534365738574,1009.2696331072468,6.761218984483721,460.5582212984997,30.94029061046156,36.88493305205296,-1.8270641389129172,0.9177611236882179
2023-01-19 05:00:00,13.959188334280867,74.16712894598706,1037.1101836403,7.4030795152963,747.8141514324519,36.55677016959479,14.684347001539969,2.1395236276345204,0.13479874710560616
2023-01-19 06:00:00,11.372940485158765,64.87601427542398,1020.3646242745738,9.25735897481804,368.9707288285348,15.407737562118488,14.540308590437547,1.4071826629783408,-0.8773368711591434
2023-01-19 07:00:00,24.55561840882705,48.71842738526543,1024.0231667907472,6.293949460412686,18.02686977839619,34.11293340908691,33.51258578570224,0.020715588771715664,0.4909005072645849
2023-01-19 08:00:00,28.072523591514457,34.393912026582115,1022.9432190300112,6.924151618512307,1024.8751712616263,54.94855765869171,31.74625437321889,-0.7597275549810779,0.8044254234189872
2023-01-19 09:00:00,24.73844201524725,77.44914656560289,1030.6021078622798,4.825054297734627,914.436223607146,33.002569311577034,22.630529219900204,1.2099687199930234,0.6882143232170174
2023-01-19 10:00:00,8.460463199680987,73.00402355917322,1015.7153233805556,6.807380823735322,112.3211914683144,49.60719692801236,31.69179239534472,1.7253764294712324,-1.3972108117374487
2023-01-19 11:00:00,24.28703968389769,58.01648272441234,993.5475207806624,4.970423173507768,706.9123415735583,37.14245341003283,49.06352313652315,-0.7645543438647324,-1.1177154821427449
2023-01-19 12:00:00,14.564243995961174,96.93273992095332,1018.9953192762896,7.864715669568152,349.10756883459703,44.86085542332341,38.34482969460358,2.193032317187258,-0.8475330028497922
2023-01-19 13:00:00,30.35738039064031,38.59830467347695,1003.2296465931224,4.891168991869098,579.0461645993179,22.78462915276499,16.30789788296714,-1.5109848340941203,-0.021655804626740698
2023-01-19 14:00:00,27.932785968774787,29.48949658150522,1005.0707497737536,7.13130118170656,588.2672387040482,41.27814174450852,28.661894074284675,-1.5682991470304997,-0.08343367376306855
2023-01-19 15:00:00,17.48096170938116,46.16183860237511,1021.7954602813264,5.912211558945065,429.6776599051034,39.23734968603937,20.340402229769268,0.3792279272383399,-0.1981433217802498
2023-01-19 16:00:00,20.889064661306453,59.088279672890046,1031.5742460715046,9.378150752316504,264.8703003240811,37.19655762757023,25.347601003097267,0.9169639252848943,0.5120413172138554
2023-01-19 17:00:00,16.52629182488839,64.86678898645384,1013.319073651041,5.845818829234541,292.8376843051222,15.5429013442729,25.036612012444287,0.7658131738386532,-0.8030321982209047
2023-01-19 18:00:00,24.498567221814625,55.17527884287341,1017.6324951889844,0.6809025953793562,225.14242535562727,58.08991774820224,24.268253008751937,0.00698322562531169,0.13000344952828952
2023-01-19 19:00:00,32.64113856400991,67.04110793028593,1038.5332241695285,9.785764502141976,250.45333753086655,51.66111029146767,14.938375536319262,0.5648588880259181,1.8017238379945602
2023-01-19 20:00:00,17.11419162931565,34.96921151619112,1016.6112976923284,3.282803097412143,479.84651298519344,47.000064729491214,28.46814382178172,-0.1581372653458181,-0.4319157272598067
2023-01-19 21:00:00,29.032372124142757,88.87529208146519,1052.025246712706,4.03870098405354,285.2720032667745,62.81509340739071,23.27270835783228,2.058253736335161,2.0676374556718162
2023-01-19 22:00:00,20.757939053020472,58.35697643214863,1021.4826446844731,4.213016117869524,704.6156197137859,25.766252187627444,38.954186325926116,0.5325128538726955,-0.004270868913509892
2023-01-19 23:00:00,18.657017341901245,82.34591663176255,986.5885586126628,10.123314279512453,946.1738466007782,66.21044796873338,54.63566429401995,0.21333493148806157,-2.065274547402482
2023-01-20 00:00:00,24.14375712036354,66.85450692755408,1024.300124316568,12.768279940246217,325.9840275889871,53.98287346390577,43.06523585060006,0.6686062670053282,0.37591378016345245
2023-01-20 01:00:00,16.718061420645007,69.13506438307567,1018.7173757732417,13.721467347667918,571.8213501606131,36.45167069171581,25.484391300900047,1.0922221186812562,-0.5369248836621185
2023-01-20 02:00:00,20.570805557222545,71.39534560464408,1032.3462913112412,9.168170427198156,649.9055330908801,57.03430220774416,30.22582859688718,1.380899911067314,0.46025062719929727
2023-01-20 03:00:00,15.416976859289212,68.9541712003463,1023.0977202690494,6.669716742387479,641.6006812757823,23.40559731382549,15.940147832189258,1.3433261416106088,-0.4234634819216349
2023-01-20 04:00:00,40.71780106333112,72.85445519735087,1010.9231602402434,5.835317998151141,522.7865803748263,27.63228757708489,50.34867453373038,-0.8522142112448114,1.051812100685301
2023-01-20 05:00:00,25.28210841577383,86.58305060264863,994.6355264556596,6.856662224572971,722.8047255079167,30.871154151404493,52.76746433727734,0.15768175044218868,-1.1288659865732689
2023-01-20 06:00:00,19.402195936059314,63.93042339402941,1009.8646511407096,7.563367285138015,644.6746858041972,32.06533437903977,31.880324738958294,0.39420497301193413,-0.7326164832994814
2023-01-20 07:00:00,26.711839285873776,74.18007515177024,1000.2421931868604,7.935646757850171,128.70127330181066,24.15163535859621,42.28236773022414,-0.15836887005993458,-0.6620348631843225
2023-01-20 08:00:00,24.10137560247336,58.205286114255465,1004.2921482529292,7.666813398010346,760.746819316782,58.34624600642988,32.10344134720709,-0.3507999677106704,-0.5920414331445922
2023-01-20 09:00:00,23.232243203734217,88.80234430898946,1021.8286760663092,6.268742043765746,766.1872511800226,36.117183994452525,13.959294733488832,1.3805416048018604,0.06069731800524031
2023-01-20 10:00:00,29.9133336003474,46.4721539588146,1038.048567565271,5.407984739078022,271.0141687464255,45.28757452535319,25.058119572436112,0.061220302969414636,1.6570961769411785
2023-01-20 11:00:00,31.06006168037844,96.01880865821632,1018.9200729473448,5.546180149039465,511.3813506342806,31.44472950379479,31.58313560126349,0.9338879238306347,0.5290764062595967
2023-01-20 12:00:00,20.75599081911578,59.196840987113134,995.0617540694724,5.415275158941957,704.9986978433208,12.690950491772242,24.54542737507867,-0.40717495516569524,-1.34193488804235
2023-01-20 13:00:00,20.39345407484256,31.38449795763904,1019.6690400233022,9.401310290601192,437.2058541261915,44.05086037587133,27.37616067077957,-0.4097991955909364,0.014538158102498889
2023-01-20 14:00:00,22.79958642278685,62.56208829821578,1030.9494722996849,7.780670166842586,821.8934143298036,11.316175368703348,28.903205309890627,0.868397619256919,0.6217188682651612
2023-01-20 15:00:00,6.584630682115321,46.37896685050238,1003.8532564352092,7.874186248215935,543.0488022696545,38.97048930871797,29.029458025614463,0.5388693504530077,-2.013265993335792
2023-01-20 16:00:00,12.878471502411582,76.81287097977449,1010.9897424999062,7.967702329589283,264.2041902095053,19.475274417507844,30.6271018859698,1.3514606198990355,-1.2870885391564593
2023-01-20 17:00:00,35.9349941395562,46.94752041395218,1013.220322920938,6.5842085841563245,85.68661905386756,69.80913998846212,17.27273920324079,-1.279931970248738,0.9040216371213551
2023-01-20 18:00:00,38.15974170801027,51.07633133570441,1001.2265253037664,5.943873730662308,591.1455786814627,53.67044083262083,21.39580621046477,-1.7464332307480301,0.4628390307243746
2023-01-20 19:00:00,23.007711683548973,22.209185381089384,1022.724206507658,4.834444640733342,716.468751537843,41.5863068690722,14.584988811600368,-0.799295181184953,0.43457102584349816
2023-01-20 20:00:00,29.61245570444613,50.95387361501847,1011.1857777708832,9.37233815995804,430.7400878465693,58.95560016482003,41.7337865962344,-0.7505256811422765,0.2532072188453318
2023-01-20 21:00:00,27.490001236348288,12.704566281645263,1019.2929866586054,8.842579386368573,935.9781989963104,27.30526033801396,4.732236697916108,-1.5762608995109906,0.6848190544861819
2023-01-20 22:00:00,46.07102796401955,28.32194353028553,999.6876173329684,3.6813669965291727,98.41826008302536,48.1521906800514,43.84308411980311,-3.152439631909381,1.1636455597047486
2023-01-20 23:00:00,33.956599291476614,75.20829312288595,1006.4381254951488,7.221156861373606,707.8755869094833,42.9971565057807,46.63619276715412,-0.4353076707002857,0.2493927719421401
2023-01-21 00:00:00,23.976659268153867,75.71600317301665,1023.8357203674166,3.085029796376142,318.241753772332,43.96030122000505,26.373832956208545,0.9606644925713865,0.2923166506195373
2023-01-21 01:00:00,17.355676475196596,68.50915123569929,1007.4075027186236,1.861145505633209,1015.813371862189,59.08530250160152,26.01905310630053,0.6095423491669285,-1.0511495646153068
2023-01-21 02:00:00,12.14842943793942,40.66047713741574,1038.904457768501,4.119848326230104,1097.7546059504357,50.98738154169703,25.664273256392512,1.2181167901802272,0.24912970122977057
2023-01-21 03:00:00,26.627709086937784,59.0457728771604,1007.005457215781,8.587180417148277,270.0030236649956,44.33085494237535,29.229790064534168,-0.4109890466876761,-0.24884174386666605
2023-01-21 04:00:00,18.94919403772557,59.92794921818863,1016.3702708862784,8.85937513612826,335.132859227426,15.176688456575558,17.872821360853038,0.532215065529984,-0.42125874577898803
2023-01-21 05:00:00,13.621970323218608,36.83270621614915,1026.9888624780965,7.539256260291879,757.8763660939405,25.59930557080804,23.81737927430109,0.5439407580101504,-0.20924355635063435
2023-01-21 06:00:00,19.827416926059787,90.067966035343,991.7245140060044,8.175287360543992,383.8608050631456,38.15936599606414,48.36234238636021,0.5730328489820249,-1.7488115555727137
2023-01-21 07:00:00,16.347615971084842,77.54724581151342,986.5878678202884,7.548534861344875,486.37663462032856,41.40058561414977,37.979125947620894,0.22427511010773274,-2.232863296336403
2023-01-21 08:00:00,38.49713308058052,55.58071652340672,990.1151552814486,4.075555214331144,507.6165261627231,23.04694412989114,18.9052306274628,-2.0277850069917376,-0.09317081308340537
2023-01-21 09:00:00,32.053118055595604,60.537716779890616,1031.9387615514077,7.295767634021821,501.732601167226,76.17515013367631,10.828809964854813,0.14924818479691804,1.4538776463346674
2023-01-21 10:00:00,24.936218869467066,64.16765615895105,1004.7221278116132,8.401228575683046,495.8486761717288,62.74591082880359,26.075792188682748,-0.19748250764161032,-0.5318310319715843
2023-01-21 11:00:00,36.83955311112021,19.165302631514187,1051.3729892850238,8.262873989440724,293.0816677807478,49.03177480588725,27.43851864779474,-0.8794597700528648,3.0494644745451427
2023-01-21 12:00:00,25.618946461180947,55.056452349588064,1004.5362860201392,9.56674011442393,352.0631532800684,41.08055291925617,35.95439024835979,-0.5600384546097188,-0.4367406835119553
2023-01-21 13:00:00,18.10972638937389,46.36031504004403,1015.7682695479556,8.124911541603192,933.0896010406444,36.81686545148273,23.57619944918809,0.11833872098132263,-0.450858319230757
2023-01-21 14:00:00,37.18499261815726,39.96759980210169,1036.131649288518,7.054344622624749,123.0479317162231,25.721223099666467,36.137994904342335,-0.7671111163413237,2.20071454342103
2023-01-21 15:00:00,29.31128034947727,54.377994142280905,1043.091393322387,9.210450714949282,743.9615560243932,41.16220777778294,53.22184848072275,0.5553687596866855,1.8200908730640248
2023-01-21 16:00:00,16.70203076538835,95.95373053699043,1043.922553649546,5.92043622225282,416.3111209004575,43.86628810214126,39.78601226933115,2.914628209164262,0.5936057508191488
2023-01-21 17:00:00,23.477290575331136,72.8168572253402,1031.1254934588972,3.3543760463168466,416.0719494512497,21.373591367775635,29.42293791203073,1.1677840642580866,0.6336177813853981
2023-01-21 18:00:00,17.995053972921944,48.57642020434406,1028.360937887172,5.510799108168708,737.1115688155135,45.01264625867346,27.802194347360462,0.662389785470682,0.16340632233858934
2023-01-21 19:00:00,13.937602152285312,71.45165562712317,1021.8879042380178,3.765292065580653,602.0153883706671,37.67111426762877,25.719922389841543,1.4925428407681363,-0.6209061562949687
